8EA1	EFBDA1
8EA2	EFBDA2
8EA3	EFBDA3
8EA4	EFBDA4
8EA5	EFBDA5
8EA6	EFBDA6
8EA7	EFBDA7
8EA8	EFBDA8
8EA9	EFBDA9
8EAA	EFBDAA
8EAB	EFBDAB
8EAC	EFBDAC
8EAD	EFBDAD
8EAE	EFBDAE
8EAF	EFBDAF
8EB0	EFBDB0
8EB1	EFBDB1
8EB2	EFBDB2
8EB3	EFBDB3
8EB4	EFBDB4
8EB5	EFBDB5
8EB6	EFBDB6
8EB7	EFBDB7
8EB8	EFBDB8
8EB9	EFBDB9
8EBA	EFBDBA
8EBB	EFBDBB
8EBC	EFBDBC
8EBD	EFBDBD
8EBE	EFBDBE
8EBF	EFBDBF
8EC0	EFBE80
8EC1	EFBE81
8EC2	EFBE82
8EC3	EFBE83
8EC4	EFBE84
8EC5	EFBE85
8EC6	EFBE86
8EC7	EFBE87
8EC8	EFBE88
8EC9	EFBE89
8ECA	EFBE8A
8ECB	EFBE8B
8ECC	EFBE8C
8ECD	EFBE8D
8ECE	EFBE8E
8ECF	EFBE8F
8ED0	EFBE90
8ED1	EFBE91
8ED2	EFBE92
8ED3	EFBE93
8ED4	EFBE94
8ED5	EFBE95
8ED6	EFBE96
8ED7	EFBE97
8ED8	EFBE98
8ED9	EFBE99
8EDA	EFBE9A
8EDB	EFBE9B
8EDC	EFBE9C
8EDD	EFBE9D
8EDE	EFBE9E
8EDF	EFBE9F
A1A1	E38080
A1A2	E38081
A1A3	E38082
A1A4	EFBC8C
A1A5	EFBC8E
A1A6	E383BB
A1A7	EFBC9A
A1A8	EFBC9B
A1A9	EFBC9F
A1AA	EFBC81
A1AB	E3829B
A1AC	E3829C
A1AD	C2B4
A1AE	EFBD80
A1AF	C2A8
A1B0	EFBCBE
A1B1	EFBFA3
A1B2	EFBCBF
A1B3	E383BD
A1B4	E383BE
A1B5	E3829D
A1B6	E3829E
A1B7	E38083
A1B8	E4BB9D
A1B9	E38085
A1BA	E38086
A1BB	E38087
A1BC	E383BC
A1BD	E28095
A1BE	E28090
A1BF	EFBC8F
A1C0	EFBCBC
A1C1	EFBD9E
A1C2	E288A5
A1C3	EFBD9C
A1C4	E280A6
A1C5	E280A5
A1C6	E28098
A1C7	E28099
A1C8	E2809C
A1C9	E2809D
A1CA	EFBC88
A1CB	EFBC89
A1CC	E38094
A1CD	E38095
A1CE	EFBCBB
A1CF	EFBCBD
A1D0	EFBD9B
A1D1	EFBD9D
A1D2	E38088
A1D3	E38089
A1D4	E3808A
A1D5	E3808B
A1D6	E3808C
A1D7	E3808D
A1D8	E3808E
A1D9	E3808F
A1DA	E38090
A1DB	E38091
A1DC	EFBC8B
A1DD	EFBC8D
A1DE	C2B1
A1DF	C397
A1E0	C3B7
A1E1	EFBC9D
A1E2	E289A0
A1E3	EFBC9C
A1E4	EFBC9E
A1E5	E289A6
A1E6	E289A7
A1E7	E2889E
A1E8	E288B4
A1E9	E29982
A1EA	E29980
A1EB	C2B0
A1EC	E280B2
A1ED	E280B3
A1EE	E28483
A1EF	EFBFA5
A1F0	EFBC84
A1F1	EFBFA0
A1F2	EFBFA1
A1F3	EFBC85
A1F4	EFBC83
A1F5	EFBC86
A1F6	EFBC8A
A1F7	EFBCA0
A1F8	C2A7
A1F9	E29886
A1FA	E29885
A1FB	E2978B
A1FC	E2978F
A1FD	E2978E
A1FE	E29787
A2A1	E29786
A2A2	E296A1
A2A3	E296A0
A2A4	E296B3
A2A5	E296B2
A2A6	E296BD
A2A7	E296BC
A2A8	E280BB
A2A9	E38092
A2AA	E28692
A2AB	E28690
A2AC	E28691
A2AD	E28693
A2AE	E38093
A2BA	E28888
A2BB	E2888B
A2BC	E28A86
A2BD	E28A87
A2BE	E28A82
A2BF	E28A83
A2C0	E288AA
A2C1	E288A9
A2CA	E288A7
A2CB	E288A8
A2CC	EFBFA2
A2CD	E28792
A2CE	E28794
A2CF	E28880
A2D0	E28883
A2DC	E288A0
A2DD	E28AA5
A2DE	E28C92
A2DF	E28882
A2E0	E28887
A2E1	E289A1
A2E2	E28992
A2E3	E289AA
A2E4	E289AB
A2E5	E2889A
A2E6	E288BD
A2E7	E2889D
A2E8	E288B5
A2E9	E288AB
A2EA	E288AC
A2F2	E284AB
A2F3	E280B0
A2F4	E299AF
A2F5	E299AD
A2F6	E299AA
A2F7	E280A0
A2F8	E280A1
A2F9	C2B6
A2FE	E297AF
A3B0	EFBC90
A3B1	EFBC91
A3B2	EFBC92
A3B3	EFBC93
A3B4	EFBC94
A3B5	EFBC95
A3B6	EFBC96
A3B7	EFBC97
A3B8	EFBC98
A3B9	EFBC99
A3C1	EFBCA1
A3C2	EFBCA2
A3C3	EFBCA3
A3C4	EFBCA4
A3C5	EFBCA5
A3C6	EFBCA6
A3C7	EFBCA7
A3C8	EFBCA8
A3C9	EFBCA9
A3CA	EFBCAA
A3CB	EFBCAB
A3CC	EFBCAC
A3CD	EFBCAD
A3CE	EFBCAE
A3CF	EFBCAF
A3D0	EFBCB0
A3D1	EFBCB1
A3D2	EFBCB2
A3D3	EFBCB3
A3D4	EFBCB4
A3D5	EFBCB5
A3D6	EFBCB6
A3D7	EFBCB7
A3D8	EFBCB8
A3D9	EFBCB9
A3DA	EFBCBA
A3E1	EFBD81
A3E2	EFBD82
A3E3	EFBD83
A3E4	EFBD84
A3E5	EFBD85
A3E6	EFBD86
A3E7	EFBD87
A3E8	EFBD88
A3E9	EFBD89
A3EA	EFBD8A
A3EB	EFBD8B
A3EC	EFBD8C
A3ED	EFBD8D
A3EE	EFBD8E
A3EF	EFBD8F
A3F0	EFBD90
A3F1	EFBD91
A3F2	EFBD92
A3F3	EFBD93
A3F4	EFBD94
A3F5	EFBD95
A3F6	EFBD96
A3F7	EFBD97
A3F8	EFBD98
A3F9	EFBD99
A3FA	EFBD9A
A4A1	E38181
A4A2	E38182
A4A3	E38183
A4A4	E38184
A4A5	E38185
A4A6	E38186
A4A7	E38187
A4A8	E38188
A4A9	E38189
A4AA	E3818A
A4AB	E3818B
A4AC	E3818C
A4AD	E3818D
A4AE	E3818E
A4AF	E3818F
A4B0	E38190
A4B1	E38191
A4B2	E38192
A4B3	E38193
A4B4	E38194
A4B5	E38195
A4B6	E38196
A4B7	E38197
A4B8	E38198
A4B9	E38199
A4BA	E3819A
A4BB	E3819B
A4BC	E3819C
A4BD	E3819D
A4BE	E3819E
A4BF	E3819F
A4C0	E381A0
A4C1	E381A1
A4C2	E381A2
A4C3	E381A3
A4C4	E381A4
A4C5	E381A5
A4C6	E381A6
A4C7	E381A7
A4C8	E381A8
A4C9	E381A9
A4CA	E381AA
A4CB	E381AB
A4CC	E381AC
A4CD	E381AD
A4CE	E381AE
A4CF	E381AF
A4D0	E381B0
A4D1	E381B1
A4D2	E381B2
A4D3	E381B3
A4D4	E381B4
A4D5	E381B5
A4D6	E381B6
A4D7	E381B7
A4D8	E381B8
A4D9	E381B9
A4DA	E381BA
A4DB	E381BB
A4DC	E381BC
A4DD	E381BD
A4DE	E381BE
A4DF	E381BF
A4E0	E38280
A4E1	E38281
A4E2	E38282
A4E3	E38283
A4E4	E38284
A4E5	E38285
A4E6	E38286
A4E7	E38287
A4E8	E38288
A4E9	E38289
A4EA	E3828A
A4EB	E3828B
A4EC	E3828C
A4ED	E3828D
A4EE	E3828E
A4EF	E3828F
A4F0	E38290
A4F1	E38291
A4F2	E38292
A4F3	E38293
A5A1	E382A1
A5A2	E382A2
A5A3	E382A3
A5A4	E382A4
A5A5	E382A5
A5A6	E382A6
A5A7	E382A7
A5A8	E382A8
A5A9	E382A9
A5AA	E382AA
A5AB	E382AB
A5AC	E382AC
A5AD	E382AD
A5AE	E382AE
A5AF	E382AF
A5B0	E382B0
A5B1	E382B1
A5B2	E382B2
A5B3	E382B3
A5B4	E382B4
A5B5	E382B5
A5B6	E382B6
A5B7	E382B7
A5B8	E382B8
A5B9	E382B9
A5BA	E382BA
A5BB	E382BB
A5BC	E382BC
A5BD	E382BD
A5BE	E382BE
A5BF	E382BF
A5C0	E38380
A5C1	E38381
A5C2	E38382
A5C3	E38383
A5C4	E38384
A5C5	E38385
A5C6	E38386
A5C7	E38387
A5C8	E38388
A5C9	E38389
A5CA	E3838A
A5CB	E3838B
A5CC	E3838C
A5CD	E3838D
A5CE	E3838E
A5CF	E3838F
A5D0	E38390
A5D1	E38391
A5D2	E38392
A5D3	E38393
A5D4	E38394
A5D5	E38395
A5D6	E38396
A5D7	E38397
A5D8	E38398
A5D9	E38399
A5DA	E3839A
A5DB	E3839B
A5DC	E3839C
A5DD	E3839D
A5DE	E3839E
A5DF	E3839F
A5E0	E383A0
A5E1	E383A1
A5E2	E383A2
A5E3	E383A3
A5E4	E383A4
A5E5	E383A5
A5E6	E383A6
A5E7	E383A7
A5E8	E383A8
A5E9	E383A9
A5EA	E383AA
A5EB	E383AB
A5EC	E383AC
A5ED	E383AD
A5EE	E383AE
A5EF	E383AF
A5F0	E383B0
A5F1	E383B1
A5F2	E383B2
A5F3	E383B3
A5F4	E383B4
A5F5	E383B5
A5F6	E383B6
A6A1	CE91
A6A2	CE92
A6A3	CE93
A6A4	CE94
A6A5	CE95
A6A6	CE96
A6A7	CE97
A6A8	CE98
A6A9	CE99
A6AA	CE9A
A6AB	CE9B
A6AC	CE9C
A6AD	CE9D
A6AE	CE9E
A6AF	CE9F
A6B0	CEA0
A6B1	CEA1
A6B2	CEA3
A6B3	CEA4
A6B4	CEA5
A6B5	CEA6
A6B6	CEA7
A6B7	CEA8
A6B8	CEA9
A6C1	CEB1
A6C2	CEB2
A6C3	CEB3
A6C4	CEB4
A6C5	CEB5
A6C6	CEB6
A6C7	CEB7
A6C8	CEB8
A6C9	CEB9
A6CA	CEBA
A6CB	CEBB
A6CC	CEBC
A6CD	CEBD
A6CE	CEBE
A6CF	CEBF
A6D0	CF80
A6D1	CF81
A6D2	CF83
A6D3	CF84
A6D4	CF85
A6D5	CF86
A6D6	CF87
A6D7	CF88
A6D8	CF89
A7A1	D090
A7A2	D091
A7A3	D092
A7A4	D093
A7A5	D094
A7A6	D095
A7A7	D081
A7A8	D096
A7A9	D097
A7AA	D098
A7AB	D099
A7AC	D09A
A7AD	D09B
A7AE	D09C
A7AF	D09D
A7B0	D09E
A7B1	D09F
A7B2	D0A0
A7B3	D0A1
A7B4	D0A2
A7B5	D0A3
A7B6	D0A4
A7B7	D0A5
A7B8	D0A6
A7B9	D0A7
A7BA	D0A8
A7BB	D0A9
A7BC	D0AA
A7BD	D0AB
A7BE	D0AC
A7BF	D0AD
A7C0	D0AE
A7C1	D0AF
A7D1	D0B0
A7D2	D0B1
A7D3	D0B2
A7D4	D0B3
A7D5	D0B4
A7D6	D0B5
A7D7	D191
A7D8	D0B6
A7D9	D0B7
A7DA	D0B8
A7DB	D0B9
A7DC	D0BA
A7DD	D0BB
A7DE	D0BC
A7DF	D0BD
A7E0	D0BE
A7E1	D0BF
A7E2	D180
A7E3	D181
A7E4	D182
A7E5	D183
A7E6	D184
A7E7	D185
A7E8	D186
A7E9	D187
A7EA	D188
A7EB	D189
A7EC	D18A
A7ED	D18B
A7EE	D18C
A7EF	D18D
A7F0	D18E
A7F1	D18F
A8A1	E29480
A8A2	E29482
A8A3	E2948C
A8A4	E29490
A8A5	E29498
A8A6	E29494
A8A7	E2949C
A8A8	E294AC
A8A9	E294A4
A8AA	E294B4
A8AB	E294BC
A8AC	E29481
A8AD	E29483
A8AE	E2948F
A8AF	E29493
A8B0	E2949B
A8B1	E29497
A8B2	E294A3
A8B3	E294B3
A8B4	E294AB
A8B5	E294BB
A8B6	E2958B
A8B7	E294A0
A8B8	E294AF
A8B9	E294A8
A8BA	E294B7
A8BB	E294BF
A8BC	E2949D
A8BD	E294B0
A8BE	E294A5
A8BF	E294B8
A8C0	E29582
ADA1	E291A0
ADA2	E291A1
ADA3	E291A2
ADA4	E291A3
ADA5	E291A4
ADA6	E291A5
ADA7	E291A6
ADA8	E291A7
ADA9	E291A8
ADAA	E291A9
ADAB	E291AA
ADAC	E291AB
ADAD	E291AC
ADAE	E291AD
ADAF	E291AE
ADB0	E291AF
ADB1	E291B0
ADB2	E291B1
ADB3	E291B2
ADB4	E291B3
ADB5	E285A0
ADB6	E285A1
ADB7	E285A2
ADB8	E285A3
ADB9	E285A4
ADBA	E285A5
ADBB	E285A6
ADBC	E285A7
ADBD	E285A8
ADBE	E285A9
ADC0	E38D89
ADC1	E38C94
ADC2	E38CA2
ADC3	E38D8D
ADC4	E38C98
ADC5	E38CA7
ADC6	E38C83
ADC7	E38CB6
ADC8	E38D91
ADC9	E38D97
ADCA	E38C8D
ADCB	E38CA6
ADCC	E38CA3
ADCD	E38CAB
ADCE	E38D8A
ADCF	E38CBB
ADD0	E38E9C
ADD1	E38E9D
ADD2	E38E9E
ADD3	E38E8E
ADD4	E38E8F
ADD5	E38F84
ADD6	E38EA1
ADDF	E38DBB
ADE0	E3809D
ADE1	E3809F
ADE2	E28496
ADE3	E38F8D
ADE4	E284A1
ADE5	E38AA4
ADE6	E38AA5
ADE7	E38AA6
ADE8	E38AA7
ADE9	E38AA8
ADEA	E388B1
ADEB	E388B2
ADEC	E388B9
ADED	E38DBE
ADEE	E38DBD
ADEF	E38DBC
ADF0	E28992
ADF1	E289A1
ADF2	E288AB
ADF3	E288AE
ADF4	E28891
ADF5	E2889A
ADF6	E28AA5
ADF7	E288A0
ADF8	E2889F
ADF9	E28ABF
ADFA	E288B5
ADFB	E288A9
ADFC	E288AA
B0A1	E4BA9C
B0A2	E59496
B0A3	E5A883
B0A4	E998BF
B0A5	E59380
B0A6	E6849B
B0A7	E68CA8
B0A8	E5A7B6
B0A9	E980A2
B0AA	E891B5
B0AB	E88C9C
B0AC	E7A990
B0AD	E682AA
B0AE	E68FA1
B0AF	E6B8A5
B0B0	E697AD
B0B1	E891A6
B0B2	E88AA6
B0B3	E9AFB5
B0B4	E6A293
B0B5	E59CA7
B0B6	E696A1
B0B7	E689B1
B0B8	E5AE9B
B0B9	E5A790
B0BA	E899BB
B0BB	E9A3B4
B0BC	E7B5A2
B0BD	E7B6BE
B0BE	E9AE8E
B0BF	E68896
B0C0	E7B29F
B0C1	E8A2B7
B0C2	E5AE89
B0C3	E5BAB5
B0C4	E68C89
B0C5	E69A97
B0C6	E6A188
B0C7	E99787
B0C8	E99E8D
B0C9	E69D8F
B0CA	E4BBA5
B0CB	E4BC8A
B0CC	E4BD8D
B0CD	E4BE9D
B0CE	E58189
B0CF	E59BB2
B0D0	E5A4B7
B0D1	E5A794
B0D2	E5A881
B0D3	E5B089
B0D4	E6839F
B0D5	E6848F
B0D6	E685B0
B0D7	E69893
B0D8	E6A485
B0D9	E782BA
B0DA	E7958F
B0DB	E795B0
B0DC	E7A7BB
B0DD	E7B6AD
B0DE	E7B7AF
B0DF	E88383
B0E0	E8908E
B0E1	E8A1A3
B0E2	E8AC82
B0E3	E98195
B0E4	E981BA
B0E5	E58CBB
B0E6	E4BA95
B0E7	E4BAA5
B0E8	E59F9F
B0E9	E882B2
B0EA	E98381
B0EB	E7A3AF
B0EC	E4B880
B0ED	E5A3B1
B0EE	E6BAA2
B0EF	E980B8
B0F0	E7A8B2
B0F1	E88CA8
B0F2	E88A8B
B0F3	E9B0AF
B0F4	E58581
B0F5	E58DB0
B0F6	E592BD
B0F7	E593A1
B0F8	E59BA0
B0F9	E5A7BB
B0FA	E5BC95
B0FB	E9A3B2
B0FC	E6B7AB
B0FD	E883A4
B0FE	E894AD
B1A1	E999A2
B1A2	E999B0
B1A3	E99AA0
B1A4	E99FBB
B1A5	E5908B
B1A6	E58FB3
B1A7	E5AE87
B1A8	E7838F
B1A9	E7BEBD
B1AA	E8BF82
B1AB	E99BA8
B1AC	E58DAF
B1AD	E9B59C
B1AE	E7AABA
B1AF	E4B891
B1B0	E7A293
B1B1	E887BC
B1B2	E6B8A6
B1B3	E59898
B1B4	E59484
B1B5	E6AC9D
B1B6	E8949A
B1B7	E9B0BB
B1B8	E5A7A5
B1B9	E58EA9
B1BA	E6B5A6
B1BB	E7939C
B1BC	E9968F
B1BD	E59982
B1BE	E4BA91
B1BF	E9818B
B1C0	E99BB2
B1C1	E88D8F
B1C2	E9A48C
B1C3	E58FA1
B1C4	E596B6
B1C5	E5ACB0
B1C6	E5BDB1
B1C7	E698A0
B1C8	E69BB3
B1C9	E6A084
B1CA	E6B0B8
B1CB	E6B3B3
B1CC	E6B4A9
B1CD	E7919B
B1CE	E79B88
B1CF	E7A98E
B1D0	E9A0B4
B1D1	E88BB1
B1D2	E8A19B
B1D3	E8A9A0
B1D4	E98BAD
B1D5	E6B6B2
B1D6	E796AB
B1D7	E79B8A
B1D8	E9A785
B1D9	E682A6
B1DA	E8AC81
B1DB	E8B68A
B1DC	E996B2
B1DD	E6A68E
B1DE	E58EAD
B1DF	E58686
B1E0	E59C92
B1E1	E5A0B0
B1E2	E5A584
B1E3	E5AEB4
B1E4	E5BBB6
B1E5	E680A8
B1E6	E68EA9
B1E7	E68FB4
B1E8	E6B2BF
B1E9	E6BC94
B1EA	E7828E
B1EB	E78494
B1EC	E78599
B1ED	E78795
B1EE	E78CBF
B1EF	E7B881
B1F0	E889B6
B1F1	E88B91
B1F2	E89697
B1F3	E981A0
B1F4	E9899B
B1F5	E9B49B
B1F6	E5A1A9
B1F7	E696BC
B1F8	E6B19A
B1F9	E794A5
B1FA	E587B9
B1FB	E5A4AE
B1FC	E5A5A5
B1FD	E5BE80
B1FE	E5BF9C
B2A1	E68ABC
B2A2	E697BA
B2A3	E6A8AA
B2A4	E6ACA7
B2A5	E6AEB4
B2A6	E78E8B
B2A7	E7BF81
B2A8	E8A596
B2A9	E9B4AC
B2AA	E9B48E
B2AB	E9BB84
B2AC	E5B2A1
B2AD	E6B296
B2AE	E88DBB
B2AF	E58484
B2B0	E5B18B
B2B1	E686B6
B2B2	E88786
B2B3	E6A1B6
B2B4	E789A1
B2B5	E4B999
B2B6	E4BFBA
B2B7	E58DB8
B2B8	E681A9
B2B9	E6B8A9
B2BA	E7A98F
B2BB	E99FB3
B2BC	E4B88B
B2BD	E58C96
B2BE	E4BBAE
B2BF	E4BD95
B2C0	E4BCBD
B2C1	E4BEA1
B2C2	E4BDB3
B2C3	E58AA0
B2C4	E58FAF
B2C5	E59889
B2C6	E5A48F
B2C7	E5AB81
B2C8	E5AEB6
B2C9	E5AFA1
B2CA	E7A791
B2CB	E69A87
B2CC	E69E9C
B2CD	E69EB6
B2CE	E6AD8C
B2CF	E6B2B3
B2D0	E781AB
B2D1	E78F82
B2D2	E7A68D
B2D3	E7A6BE
B2D4	E7A8BC
B2D5	E7AE87
B2D6	E88AB1
B2D7	E88B9B
B2D8	E88C84
B2D9	E88DB7
B2DA	E88FAF
B2DB	E88F93
B2DC	E89DA6
B2DD	E8AAB2
B2DE	E598A9
B2DF	E8B2A8
B2E0	E8BFA6
B2E1	E9818E
B2E2	E99C9E
B2E3	E89A8A
B2E4	E4BF84
B2E5	E5B3A8
B2E6	E68891
B2E7	E78999
B2E8	E794BB
B2E9	E887A5
B2EA	E88ABD
B2EB	E89BBE
B2EC	E8B380
B2ED	E99B85
B2EE	E9A493
B2EF	E9A795
B2F0	E4BB8B
B2F1	E4BC9A
B2F2	E8A7A3
B2F3	E59B9E
B2F4	E5A18A
B2F5	E5A38A
B2F6	E5BBBB
B2F7	E5BFAB
B2F8	E680AA
B2F9	E68294
B2FA	E681A2
B2FB	E68790
B2FC	E68892
B2FD	E68B90
B2FE	E694B9
B3A1	E9AD81
B3A2	E699A6
B3A3	E6A2B0
B3A4	E6B5B7
B3A5	E781B0
B3A6	E7958C
B3A7	E79A86
B3A8	E7B5B5
B3A9	E88AA5
B3AA	E89FB9
B3AB	E9968B
B3AC	E99A8E
B3AD	E8B29D
B3AE	E587B1
B3AF	E58ABE
B3B0	E5A496
B3B1	E592B3
B3B2	E5AEB3
B3B3	E5B496
B3B4	E685A8
B3B5	E6A682
B3B6	E6B6AF
B3B7	E7A28D
B3B8	E8938B
B3B9	E8A197
B3BA	E8A9B2
B3BB	E98EA7
B3BC	E9AAB8
B3BD	E6B5AC
B3BE	E9A6A8
B3BF	E89B99
B3C0	E59EA3
B3C1	E69FBF
B3C2	E89B8E
B3C3	E9888E
B3C4	E58A83
B3C5	E59A87
B3C6	E59084
B3C7	E5BB93
B3C8	E68BA1
B3C9	E692B9
B3CA	E6A0BC
B3CB	E6A0B8
B3CC	E6AEBB
B3CD	E78DB2
B3CE	E7A2BA
B3CF	E7A9AB
B3D0	E8A69A
B3D1	E8A792
B3D2	E8B5AB
B3D3	E8BC83
B3D4	E983AD
B3D5	E996A3
B3D6	E99A94
B3D7	E99DA9
B3D8	E5ADA6
B3D9	E5B2B3
B3DA	E6A5BD
B3DB	E9A18D
B3DC	E9A18E
B3DD	E68E9B
B3DE	E7ACA0
B3DF	E6A8AB
B3E0	E6A9BF
B3E1	E6A2B6
B3E2	E9B08D
B3E3	E6BD9F
B3E4	E589B2
B3E5	E5969D
B3E6	E681B0
B3E7	E68BAC
B3E8	E6B4BB
B3E9	E6B887
B3EA	E6BB91
B3EB	E8919B
B3EC	E8A490
B3ED	E8BD84
B3EE	E4B894
B3EF	E9B0B9
B3F0	E58FB6
B3F1	E6A49B
B3F2	E6A8BA
B3F3	E99E84
B3F4	E6A0AA
B3F5	E5859C
B3F6	E7AB83
B3F7	E892B2
B3F8	E9879C
B3F9	E98E8C
B3FA	E5999B
B3FB	E9B4A8
B3FC	E6A0A2
B3FD	E88C85
B3FE	E890B1
B4A1	E7B2A5
B4A2	E58888
B4A3	E88B85
B4A4	E793A6
B4A5	E4B9BE
B4A6	E4BE83
B4A7	E586A0
B4A8	E5AF92
B4A9	E5888A
B4AA	E58B98
B4AB	E58BA7
B4AC	E5B7BB
B4AD	E5969A
B4AE	E5A0AA
B4AF	E5A7A6
B4B0	E5AE8C
B4B1	E5AE98
B4B2	E5AF9B
B4B3	E5B9B2
B4B4	E5B9B9
B4B5	E682A3
B4B6	E6849F
B4B7	E685A3
B4B8	E686BE
B4B9	E68F9B
B4BA	E695A2
B4BB	E69F91
B4BC	E6A193
B4BD	E6A3BA
B4BE	E6ACBE
B4BF	E6AD93
B4C0	E6B197
B4C1	E6BCA2
B4C2	E6BE97
B4C3	E6BD85
B4C4	E792B0
B4C5	E79498
B4C6	E79BA3
B4C7	E79C8B
B4C8	E7ABBF
B4C9	E7AEA1
B4CA	E7B0A1
B4CB	E7B7A9
B4CC	E7BCB6
B4CD	E7BFB0
B4CE	E8829D
B4CF	E889A6
B4D0	E88E9E
B4D1	E8A6B3
B4D2	E8AB8C
B4D3	E8B2AB
B4D4	E98284
B4D5	E99191
B4D6	E99693
B4D7	E99691
B4D8	E996A2
B4D9	E999A5
B4DA	E99F93
B4DB	E9A4A8
B4DC	E88898
B4DD	E4B8B8
B4DE	E590AB
B4DF	E5B2B8
B4E0	E5B78C
B4E1	E78EA9
B4E2	E7998C
B4E3	E79CBC
B4E4	E5B2A9
B4E5	E7BFAB
B4E6	E8B48B
B4E7	E99B81
B4E8	E9A091
B4E9	E9A194
B4EA	E9A198
B4EB	E4BC81
B4EC	E4BC8E
B4ED	E58DB1
B4EE	E5969C
B4EF	E599A8
B4F0	E59FBA
B4F1	E5A587
B4F2	E5AC89
B4F3	E5AF84
B4F4	E5B290
B4F5	E5B88C
B4F6	E5B9BE
B4F7	E5BF8C
B4F8	E68FAE
B4F9	E69CBA
B4FA	E69797
B4FB	E697A2
B4FC	E69C9F
B4FD	E6A38B
B4FE	E6A384
B5A1	E6A99F
B5A2	E5B8B0
B5A3	E6AF85
B5A4	E6B097
B5A5	E6B1BD
B5A6	E795BF
B5A7	E7A588
B5A8	E5ADA3
B5A9	E7A880
B5AA	E7B480
B5AB	E5BEBD
B5AC	E8A68F
B5AD	E8A898
B5AE	E8B2B4
B5AF	E8B5B7
B5B0	E8BB8C
B5B1	E8BC9D
B5B2	E9A3A2
B5B3	E9A88E
B5B4	E9ACBC
B5B5	E4BA80
B5B6	E581BD
B5B7	E58480
B5B8	E5A693
B5B9	E5AE9C
B5BA	E688AF
B5BB	E68A80
B5BC	E693AC
B5BD	E6ACBA
B5BE	E78AA0
B5BF	E79691
B5C0	E7A587
B5C1	E7BEA9
B5C2	E89FBB
B5C3	E8AABC
B5C4	E8ADB0
B5C5	E68EAC
B5C6	E88F8A
B5C7	E99EA0
B5C8	E59089
B5C9	E59083
B5CA	E596AB
B5CB	E6A194
B5CC	E6A998
B5CD	E8A9B0
B5CE	E7A0A7
B5CF	E69DB5
B5D0	E9BB8D
B5D1	E58DB4
B5D2	E5AEA2
B5D3	E8849A
B5D4	E89990
B5D5	E98086
B5D6	E4B898
B5D7	E4B985
B5D8	E4BB87
B5D9	E4BC91
B5DA	E58F8A
B5DB	E590B8
B5DC	E5AEAE
B5DD	E5BC93
B5DE	E680A5
B5DF	E69591
B5E0	E69CBD
B5E1	E6B182
B5E2	E6B1B2
B5E3	E6B3A3
B5E4	E781B8
B5E5	E79083
B5E6	E7A9B6
B5E7	E7AAAE
B5E8	E7AC88
B5E9	E7B49A
B5EA	E7B3BE
B5EB	E7B5A6
B5EC	E697A7
B5ED	E7899B
B5EE	E58EBB
B5EF	E5B185
B5F0	E5B7A8
B5F1	E68B92
B5F2	E68BA0
B5F3	E68C99
B5F4	E6B8A0
B5F5	E8999A
B5F6	E8A8B1
B5F7	E8B79D
B5F8	E98BB8
B5F9	E6BC81
B5FA	E7A6A6
B5FB	E9AD9A
B5FC	E4BAA8
B5FD	E4BAAB
B5FE	E4BAAC
B6A1	E4BE9B
B6A2	E4BEA0
B6A3	E58391
B6A4	E58587
B6A5	E7ABB6
B6A6	E585B1
B6A7	E587B6
B6A8	E58D94
B6A9	E58CA1
B6AA	E58DBF
B6AB	E58FAB
B6AC	E596AC
B6AD	E5A283
B6AE	E5B3A1
B6AF	E5BCB7
B6B0	E5BD8A
B6B1	E680AF
B6B2	E68190
B6B3	E681AD
B6B4	E68C9F
B6B5	E69599
B6B6	E6A98B
B6B7	E6B381
B6B8	E78B82
B6B9	E78BAD
B6BA	E79FAF
B6BB	E883B8
B6BC	E88485
B6BD	E88888
B6BE	E8958E
B6BF	E983B7
B6C0	E98FA1
B6C1	E99FBF
B6C2	E9A597
B6C3	E9A99A
B6C4	E4BBB0
B6C5	E5879D
B6C6	E5B0AD
B6C7	E69A81
B6C8	E6A5AD
B6C9	E5B180
B6CA	E69BB2
B6CB	E6A5B5
B6CC	E78E89
B6CD	E6A190
B6CE	E7B281
B6CF	E58385
B6D0	E58BA4
B6D1	E59D87
B6D2	E5B7BE
B6D3	E98CA6
B6D4	E696A4
B6D5	E6ACA3
B6D6	E6ACBD
B6D7	E790B4
B6D8	E7A681
B6D9	E7A6BD
B6DA	E7AD8B
B6DB	E7B78A
B6DC	E88AB9
B6DD	E88F8C
B6DE	E8A1BF
B6DF	E8A59F
B6E0	E8ACB9
B6E1	E8BF91
B6E2	E98791
B6E3	E5909F
B6E4	E98A80
B6E5	E4B99D
B6E6	E580B6
B6E7	E58FA5
B6E8	E58CBA
B6E9	E78B97
B6EA	E78E96
B6EB	E79FA9
B6EC	E88BA6
B6ED	E8BAAF
B6EE	E9A786
B6EF	E9A788
B6F0	E9A792
B6F1	E585B7
B6F2	E6849A
B6F3	E8999E
B6F4	E596B0
B6F5	E7A9BA
B6F6	E581B6
B6F7	E5AF93
B6F8	E98187
B6F9	E99A85
B6FA	E4B8B2
B6FB	E6AB9B
B6FC	E987A7
B6FD	E5B191
B6FE	E5B188
B7A1	E68E98
B7A2	E7AA9F
B7A3	E6B293
B7A4	E99DB4
B7A5	E8BDA1
B7A6	E7AAAA
B7A7	E7868A
B7A8	E99A88
B7A9	E7B282
B7AA	E6A097
B7AB	E7B9B0
B7AC	E6A191
B7AD	E98DAC
B7AE	E58BB2
B7AF	E5909B
B7B0	E896AB
B7B1	E8A893
B7B2	E7BEA4
B7B3	E8BB8D
B7B4	E983A1
B7B5	E58DA6
B7B6	E8A288
B7B7	E7A581
B7B8	E4BF82
B7B9	E582BE
B7BA	E58891
B7BB	E58584
B7BC	E59593
B7BD	E59CAD
B7BE	E78FAA
B7BF	E59E8B
B7C0	E5A591
B7C1	E5BDA2
B7C2	E5BE84
B7C3	E681B5
B7C4	E685B6
B7C5	E685A7
B7C6	E686A9
B7C7	E68EB2
B7C8	E690BA
B7C9	E695AC
B7CA	E699AF
B7CB	E6A182
B7CC	E6B893
B7CD	E795A6
B7CE	E7A8BD
B7CF	E7B3BB
B7D0	E7B58C
B7D1	E7B699
B7D2	E7B98B
B7D3	E7BDAB
B7D4	E88C8E
B7D5	E88D8A
B7D6	E89B8D
B7D7	E8A888
B7D8	E8A9A3
B7D9	E8ADA6
B7DA	E8BBBD
B7DB	E9A09A
B7DC	E9B68F
B7DD	E88AB8
B7DE	E8BF8E
B7DF	E9AFA8
B7E0	E58A87
B7E1	E6889F
B7E2	E69283
B7E3	E6BF80
B7E4	E99A99
B7E5	E6A181
B7E6	E58291
B7E7	E6ACA0
B7E8	E6B1BA
B7E9	E6BD94
B7EA	E7A9B4
B7EB	E7B590
B7EC	E8A180
B7ED	E8A8A3
B7EE	E69C88
B7EF	E4BBB6
B7F0	E580B9
B7F1	E580A6
B7F2	E581A5
B7F3	E585BC
B7F4	E588B8
B7F5	E589A3
B7F6	E596A7
B7F7	E59C8F
B7F8	E5A085
B7F9	E5AB8C
B7FA	E5BBBA
B7FB	E686B2
B7FC	E687B8
B7FD	E68BB3
B7FE	E68DB2
B8A1	E6A49C
B8A2	E6A8A9
B8A3	E789BD
B8A4	E78AAC
B8A5	E78CAE
B8A6	E7A094
B8A7	E7A1AF
B8A8	E7B5B9
B8A9	E79C8C
B8AA	E882A9
B8AB	E8A68B
B8AC	E8AC99
B8AD	E8B3A2
B8AE	E8BB92
B8AF	E981A3
B8B0	E98DB5
B8B1	E999BA
B8B2	E9A195
B8B3	E9A893
B8B4	E9B9B8
B8B5	E58583
B8B6	E58E9F
B8B7	E58EB3
B8B8	E5B9BB
B8B9	E5BCA6
B8BA	E6B89B
B8BB	E6BA90
B8BC	E78E84
B8BD	E78FBE
B8BE	E7B583
B8BF	E888B7
B8C0	E8A880
B8C1	E8ABBA
B8C2	E99990
B8C3	E4B98E
B8C4	E5808B
B8C5	E58FA4
B8C6	E591BC
B8C7	E59BBA
B8C8	E5A791
B8C9	E5ADA4
B8CA	E5B7B1
B8CB	E5BAAB
B8CC	E5BCA7
B8CD	E688B8
B8CE	E69585
B8CF	E69EAF
B8D0	E6B996
B8D1	E78B90
B8D2	E7B38A
B8D3	E8A2B4
B8D4	E882A1
B8D5	E883A1
B8D6	E88FB0
B8D7	E8998E
B8D8	E8AA87
B8D9	E8B7A8
B8DA	E988B7
B8DB	E99B87
B8DC	E9A1A7
B8DD	E9BC93
B8DE	E4BA94
B8DF	E4BA92
B8E0	E4BC8D
B8E1	E58D88
B8E2	E59189
B8E3	E590BE
B8E4	E5A8AF
B8E5	E5BE8C
B8E6	E5BEA1
B8E7	E6829F
B8E8	E6A2A7
B8E9	E6AA8E
B8EA	E7919A
B8EB	E7A281
B8EC	E8AA9E
B8ED	E8AAA4
B8EE	E8ADB7
B8EF	E98690
B8F0	E4B99E
B8F1	E9AF89
B8F2	E4BAA4
B8F3	E4BDBC
B8F4	E4BEAF
B8F5	E58099
B8F6	E58096
B8F7	E58589
B8F8	E585AC
B8F9	E58A9F
B8FA	E58AB9
B8FB	E58BBE
B8FC	E58E9A
B8FD	E58FA3
B8FE	E59091
B9A1	E5908E
B9A2	E59689
B9A3	E59D91
B9A4	E59EA2
B9A5	E5A5BD
B9A6	E5AD94
B9A7	E5AD9D
B9A8	E5AE8F
B9A9	E5B7A5
B9AA	E5B7A7
B9AB	E5B7B7
B9AC	E5B9B8
B9AD	E5BA83
B9AE	E5BA9A
B9AF	E5BAB7
B9B0	E5BC98
B9B1	E68192
B9B2	E6858C
B9B3	E68A97
B9B4	E68B98
B9B5	E68EA7
B9B6	E694BB
B9B7	E69882
B9B8	E69983
B9B9	E69BB4
B9BA	E69DAD
B9BB	E6A0A1
B9BC	E6A297
B9BD	E6A78B
B9BE	E6B19F
B9BF	E6B4AA
B9C0	E6B5A9
B9C1	E6B8AF
B9C2	E6BA9D
B9C3	E794B2
B9C4	E79A87
B9C5	E7A1AC
B9C6	E7A8BF
B9C7	E7B3A0
B9C8	E7B485
B9C9	E7B498
B9CA	E7B59E
B9CB	E7B6B1
B9CC	E88095
B9CD	E88083
B9CE	E882AF
B9CF	E882B1
B9D0	E88594
B9D1	E8868F
B9D2	E888AA
B9D3	E88D92
B9D4	E8A18C
B9D5	E8A1A1
B9D6	E8AC9B
B9D7	E8B2A2
B9D8	E8B3BC
B9D9	E9838A
B9DA	E985B5
B9DB	E989B1
B9DC	E7A0BF
B9DD	E98BBC
B9DE	E996A4
B9DF	E9998D
B9E0	E9A085
B9E1	E9A699
B9E2	E9AB98
B9E3	E9B4BB
B9E4	E5899B
B9E5	E58AAB
B9E6	E58FB7
B9E7	E59088
B9E8	E5A395
B9E9	E68BB7
B9EA	E6BFA0
B9EB	E8B1AA
B9EC	E8BD9F
B9ED	E9BAB9
B9EE	E5858B
B9EF	E588BB
B9F0	E5918A
B9F1	E59BBD
B9F2	E7A980
B9F3	E985B7
B9F4	E9B5A0
B9F5	E9BB92
B9F6	E78D84
B9F7	E6BC89
B9F8	E885B0
B9F9	E79491
B9FA	E5BFBD
B9FB	E6839A
B9FC	E9AAA8
B9FD	E78B9B
B9FE	E8BEBC
BAA1	E6ADA4
BAA2	E9A083
BAA3	E4BB8A
BAA4	E59BB0
BAA5	E59DA4
BAA6	E5A2BE
BAA7	E5A99A
BAA8	E681A8
BAA9	E68787
BAAA	E6988F
BAAB	E69886
BAAC	E6A0B9
BAAD	E6A2B1
BAAE	E6B7B7
BAAF	E79795
BAB0	E7B4BA
BAB1	E889AE
BAB2	E9AD82
BAB3	E4BA9B
BAB4	E4BD90
BAB5	E58F89
BAB6	E59486
BAB7	E5B5AF
BAB8	E5B7A6
BAB9	E5B7AE
BABA	E69FBB
BABB	E6B299
BABC	E791B3
BABD	E7A082
BABE	E8A990
BABF	E98E96
BAC0	E8A39F
BAC1	E59D90
BAC2	E5BAA7
BAC3	E68CAB
BAC4	E582B5
BAC5	E582AC
BAC6	E5868D
BAC7	E69C80
BAC8	E59389
BAC9	E5A19E
BACA	E5A6BB
BACB	E5AEB0
BACC	E5BDA9
BACD	E6898D
BACE	E68EA1
BACF	E6A0BD
BAD0	E6ADB3
BAD1	E6B888
BAD2	E781BD
BAD3	E98787
BAD4	E78A80
BAD5	E7A095
BAD6	E7A0A6
BAD7	E7A5AD
BAD8	E6968E
BAD9	E7B4B0
BADA	E88F9C
BADB	E8A381
BADC	E8BC89
BADD	E99A9B
BADE	E589A4
BADF	E59CA8
BAE0	E69D90
BAE1	E7BDAA
BAE2	E8B2A1
BAE3	E586B4
BAE4	E59D82
BAE5	E998AA
BAE6	E5A0BA
BAE7	E6A68A
BAE8	E882B4
BAE9	E592B2
BAEA	E5B48E
BAEB	E59FBC
BAEC	E7A295
BAED	E9B7BA
BAEE	E4BD9C
BAEF	E5898A
BAF0	E5928B
BAF1	E690BE
BAF2	E698A8
BAF3	E69C94
BAF4	E69FB5
BAF5	E7AA84
BAF6	E7AD96
BAF7	E7B4A2
BAF8	E98CAF
BAF9	E6A19C
BAFA	E9AEAD
BAFB	E7ACB9
BAFC	E58C99
BAFD	E5868A
BAFE	E588B7
BBA1	E5AF9F
BBA2	E68BB6
BBA3	E692AE
BBA4	E693A6
BBA5	E69CAD
BBA6	E6AEBA
BBA7	E896A9
BBA8	E99B91
BBA9	E79A90
BBAA	E9AF96
BBAB	E68D8C
BBAC	E98C86
BBAD	E9AEAB
BBAE	E79ABF
BBAF	E69992
BBB0	E4B889
BBB1	E58298
BBB2	E58F82
BBB3	E5B1B1
BBB4	E683A8
BBB5	E69292
BBB6	E695A3
BBB7	E6A19F
BBB8	E787A6
BBB9	E78F8A
BBBA	E794A3
BBBB	E7AE97
BBBC	E7BA82
BBBD	E89A95
BBBE	E8AE83
BBBF	E8B39B
BBC0	E985B8
BBC1	E9A490
BBC2	E696AC
BBC3	E69AAB
BBC4	E6AE8B
BBC5	E4BB95
BBC6	E4BB94
BBC7	E4BCBA
BBC8	E4BDBF
BBC9	E588BA
BBCA	E58FB8
BBCB	E58FB2
BBCC	E597A3
BBCD	E59B9B
BBCE	E5A3AB
BBCF	E5A78B
BBD0	E5A789
BBD1	E5A7BF
BBD2	E5AD90
BBD3	E5B18D
BBD4	E5B882
BBD5	E5B8AB
BBD6	E5BF97
BBD7	E6809D
BBD8	E68C87
BBD9	E694AF
BBDA	E5AD9C
BBDB	E696AF
BBDC	E696BD
BBDD	E697A8
BBDE	E69E9D
BBDF	E6ADA2
BBE0	E6ADBB
BBE1	E6B08F
BBE2	E78D85
BBE3	E7A589
BBE4	E7A781
BBE5	E7B3B8
BBE6	E7B499
BBE7	E7B4AB
BBE8	E882A2
BBE9	E88482
BBEA	E887B3
BBEB	E8A696
BBEC	E8A99E
BBED	E8A9A9
BBEE	E8A9A6
BBEF	E8AA8C
BBF0	E8ABAE
BBF1	E8B387
BBF2	E8B39C
BBF3	E99B8C
BBF4	E9A3BC
BBF5	E6ADAF
BBF6	E4BA8B
BBF7	E4BCBC
BBF8	E4BE8D
BBF9	E58590
BBFA	E5AD97
BBFB	E5AFBA
BBFC	E68588
BBFD	E68C81
BBFE	E69982
BCA1	E6ACA1
BCA2	E6BB8B
BCA3	E6B2BB
BCA4	E788BE
BCA5	E792BD
BCA6	E79794
BCA7	E7A381
BCA8	E7A4BA
BCA9	E8808C
BCAA	E880B3
BCAB	E887AA
BCAC	E89294
BCAD	E8BE9E
BCAE	E6B190
BCAF	E9B9BF
BCB0	E5BC8F
BCB1	E8AD98
BCB2	E9B4AB
BCB3	E7ABBA
BCB4	E8BBB8
BCB5	E5AE8D
BCB6	E99BAB
BCB7	E4B883
BCB8	E58FB1
BCB9	E59FB7
BCBA	E5A4B1
BCBB	E5AB89
BCBC	E5AEA4
BCBD	E68289
BCBE	E6B9BF
BCBF	E6BC86
BCC0	E796BE
BCC1	E8B3AA
BCC2	E5AE9F
BCC3	E89480
BCC4	E7AFA0
BCC5	E581B2
BCC6	E69FB4
BCC7	E88A9D
BCC8	E5B1A1
BCC9	E8958A
BCCA	E7B89E
BCCB	E8888E
BCCC	E58699
BCCD	E5B084
BCCE	E68DA8
BCCF	E8B5A6
BCD0	E6969C
BCD1	E785AE
BCD2	E7A4BE
BCD3	E7B497
BCD4	E88085
BCD5	E8AC9D
BCD6	E8BB8A
BCD7	E981AE
BCD8	E89B87
BCD9	E982AA
BCDA	E5809F
BCDB	E58BBA
BCDC	E5B0BA
BCDD	E69D93
BCDE	E781BC
BCDF	E788B5
BCE0	E9858C
BCE1	E98788
BCE2	E98CAB
BCE3	E88BA5
BCE4	E5AF82
BCE5	E5BCB1
BCE6	E683B9
BCE7	E4B8BB
BCE8	E58F96
BCE9	E5AE88
BCEA	E6898B
BCEB	E69CB1
BCEC	E6AE8A
BCED	E78BA9
BCEE	E78FA0
BCEF	E7A8AE
BCF0	E885AB
BCF1	E8B6A3
BCF2	E98592
BCF3	E9A696
BCF4	E58492
BCF5	E58F97
BCF6	E591AA
BCF7	E5AFBF
BCF8	E68E88
BCF9	E6A8B9
BCFA	E7B6AC
BCFB	E99C80
BCFC	E59B9A
BCFD	E58F8E
BCFE	E591A8
BDA1	E5AE97
BDA2	E5B0B1
BDA3	E5B79E
BDA4	E4BFAE
BDA5	E68481
BDA6	E68BBE
BDA7	E6B4B2
BDA8	E7A780
BDA9	E7A78B
BDAA	E7B582
BDAB	E7B98D
BDAC	E7BF92
BDAD	E887AD
BDAE	E8889F
BDAF	E89290
BDB0	E8A186
BDB1	E8A5B2
BDB2	E8AE90
BDB3	E8B9B4
BDB4	E8BCAF
BDB5	E980B1
BDB6	E9858B
BDB7	E985AC
BDB8	E99B86
BDB9	E9869C
BDBA	E4BB80
BDBB	E4BD8F
BDBC	E58585
BDBD	E58D81
BDBE	E5BE93
BDBF	E6888E
BDC0	E69F94
BDC1	E6B181
BDC2	E6B88B
BDC3	E78DA3
BDC4	E7B8A6
BDC5	E9878D
BDC6	E98A83
BDC7	E58F94
BDC8	E5A499
BDC9	E5AEBF
BDCA	E6B791
BDCB	E7A59D
BDCC	E7B8AE
BDCD	E7B29B
BDCE	E5A1BE
BDCF	E7869F
BDD0	E587BA
BDD1	E8A193
BDD2	E8BFB0
BDD3	E4BF8A
BDD4	E5B3BB
BDD5	E698A5
BDD6	E79EAC
BDD7	E7ABA3
BDD8	E8889C
BDD9	E9A7BF
BDDA	E58786
BDDB	E5BEAA
BDDC	E697AC
BDDD	E6A5AF
BDDE	E6AE89
BDDF	E6B7B3
BDE0	E6BA96
BDE1	E6BDA4
BDE2	E79BBE
BDE3	E7B494
BDE4	E5B7A1
BDE5	E981B5
BDE6	E98687
BDE7	E9A086
BDE8	E587A6
BDE9	E5889D
BDEA	E68980
BDEB	E69A91
BDEC	E69B99
BDED	E6B89A
BDEE	E5BAB6
BDEF	E7B792
BDF0	E7BDB2
BDF1	E69BB8
BDF2	E896AF
BDF3	E897B7
BDF4	E8ABB8
BDF5	E58AA9
BDF6	E58F99
BDF7	E5A5B3
BDF8	E5BA8F
BDF9	E5BE90
BDFA	E68195
BDFB	E98BA4
BDFC	E999A4
BDFD	E582B7
BDFE	E5849F
BEA1	E58B9D
BEA2	E58CA0
BEA3	E58D87
BEA4	E58FAC
BEA5	E593A8
BEA6	E59586
BEA7	E594B1
BEA8	E59897
BEA9	E5A5A8
BEAA	E5A6BE
BEAB	E5A8BC
BEAC	E5AEB5
BEAD	E5B086
BEAE	E5B08F
BEAF	E5B091
BEB0	E5B09A
BEB1	E5BA84
BEB2	E5BA8A
BEB3	E5BBA0
BEB4	E5BDB0
BEB5	E689BF
BEB6	E68A84
BEB7	E68B9B
BEB8	E68E8C
BEB9	E68DB7
BEBA	E69887
BEBB	E6988C
BEBC	E698AD
BEBD	E699B6
BEBE	E69DBE
BEBF	E6A2A2
BEC0	E6A89F
BEC1	E6A8B5
BEC2	E6B2BC
BEC3	E6B688
BEC4	E6B889
BEC5	E6B998
BEC6	E784BC
BEC7	E784A6
BEC8	E785A7
BEC9	E79787
BECA	E79C81
BECB	E7A19D
BECC	E7A481
BECD	E7A5A5
BECE	E7A7B0
BECF	E7ABA0
BED0	E7AC91
BED1	E7B2A7
BED2	E7B4B9
BED3	E88296
BED4	E88F96
BED5	E8928B
BED6	E89589
BED7	E8A19D
BED8	E8A3B3
BED9	E8A89F
BEDA	E8A8BC
BEDB	E8A994
BEDC	E8A9B3
BEDD	E8B1A1
BEDE	E8B39E
BEDF	E986A4
BEE0	E989A6
BEE1	E98DBE
BEE2	E99098
BEE3	E99A9C
BEE4	E99E98
BEE5	E4B88A
BEE6	E4B888
BEE7	E4B89E
BEE8	E4B997
BEE9	E58697
BEEA	E589B0
BEEB	E59F8E
BEEC	E5A0B4
BEED	E5A38C
BEEE	E5ACA2
BEEF	E5B8B8
BEF0	E68385
BEF1	E693BE
BEF2	E69DA1
BEF3	E69D96
BEF4	E6B584
BEF5	E78AB6
BEF6	E795B3
BEF7	E7A9A3
BEF8	E892B8
BEF9	E8ADB2
BEFA	E986B8
BEFB	E98CA0
BEFC	E598B1
BEFD	E59FB4
BEFE	E9A3BE
BFA1	E68BAD
BFA2	E6A48D
BFA3	E6AE96
BFA4	E787AD
BFA5	E7B994
BFA6	E881B7
BFA7	E889B2
BFA8	E8A7A6
BFA9	E9A39F
BFAA	E89D95
BFAB	E8BEB1
BFAC	E5B0BB
BFAD	E4BCB8
BFAE	E4BFA1
BFAF	E4BEB5
BFB0	E59487
BFB1	E5A8A0
BFB2	E5AF9D
BFB3	E5AFA9
BFB4	E5BF83
BFB5	E6858E
BFB6	E68CAF
BFB7	E696B0
BFB8	E6998B
BFB9	E6A3AE
BFBA	E6A69B
BFBB	E6B5B8
BFBC	E6B7B1
BFBD	E794B3
BFBE	E796B9
BFBF	E79C9F
BFC0	E7A59E
BFC1	E7A7A6
BFC2	E7B4B3
BFC3	E887A3
BFC4	E88AAF
BFC5	E896AA
BFC6	E8A6AA
BFC7	E8A8BA
BFC8	E8BAAB
BFC9	E8BE9B
BFCA	E980B2
BFCB	E9879D
BFCC	E99C87
BFCD	E4BABA
BFCE	E4BB81
BFCF	E58883
BFD0	E5A1B5
BFD1	E5A3AC
BFD2	E5B08B
BFD3	E7949A
BFD4	E5B0BD
BFD5	E8858E
BFD6	E8A88A
BFD7	E8BF85
BFD8	E999A3
BFD9	E99DAD
BFDA	E7ACA5
BFDB	E8AB8F
BFDC	E9A088
BFDD	E985A2
BFDE	E59BB3
BFDF	E58EA8
BFE0	E98097
BFE1	E590B9
BFE2	E59E82
BFE3	E5B8A5
BFE4	E68EA8
BFE5	E6B0B4
BFE6	E7828A
BFE7	E79DA1
BFE8	E7B28B
BFE9	E7BFA0
BFEA	E8A1B0
BFEB	E98182
BFEC	E98594
BFED	E98C90
BFEE	E98C98
BFEF	E99A8F
BFF0	E7919E
BFF1	E9AB84
BFF2	E5B487
BFF3	E5B5A9
BFF4	E695B0
BFF5	E69EA2
BFF6	E8B6A8
BFF7	E99B9B
BFF8	E68DAE
BFF9	E69D89
BFFA	E6A499
BFFB	E88F85
BFFC	E9A097
BFFD	E99B80
BFFE	E8A3BE
C0A1	E6BE84
C0A2	E691BA
C0A3	E5AFB8
C0A4	E4B896
C0A5	E780AC
C0A6	E7959D
C0A7	E698AF
C0A8	E58784
C0A9	E588B6
C0AA	E58BA2
C0AB	E5A793
C0AC	E5BE81
C0AD	E680A7
C0AE	E68890
C0AF	E694BF
C0B0	E695B4
C0B1	E6989F
C0B2	E699B4
C0B3	E6A3B2
C0B4	E6A096
C0B5	E6ADA3
C0B6	E6B885
C0B7	E789B2
C0B8	E7949F
C0B9	E79B9B
C0BA	E7B2BE
C0BB	E88196
C0BC	E5A3B0
C0BD	E8A3BD
C0BE	E8A5BF
C0BF	E8AAA0
C0C0	E8AA93
C0C1	E8AB8B
C0C2	E9809D
C0C3	E98692
C0C4	E99D92
C0C5	E99D99
C0C6	E69689
C0C7	E7A88E
C0C8	E88486
C0C9	E99ABB
C0CA	E5B8AD
C0CB	E6839C
C0CC	E6889A
C0CD	E696A5
C0CE	E69894
C0CF	E69E90
C0D0	E79FB3
C0D1	E7A98D
C0D2	E7B18D
C0D3	E7B8BE
C0D4	E8848A
C0D5	E8B2AC
C0D6	E8B5A4
C0D7	E8B7A1
C0D8	E8B99F
C0D9	E7A2A9
C0DA	E58887
C0DB	E68B99
C0DC	E68EA5
C0DD	E69182
C0DE	E68A98
C0DF	E8A8AD
C0E0	E7AA83
C0E1	E7AF80
C0E2	E8AAAC
C0E3	E99BAA
C0E4	E7B5B6
C0E5	E8888C
C0E6	E89D89
C0E7	E4BB99
C0E8	E58588
C0E9	E58D83
C0EA	E58DA0
C0EB	E5AEA3
C0EC	E5B082
C0ED	E5B096
C0EE	E5B79D
C0EF	E688A6
C0F0	E68987
C0F1	E692B0
C0F2	E6A093
C0F3	E6A0B4
C0F4	E6B389
C0F5	E6B585
C0F6	E6B497
C0F7	E69F93
C0F8	E6BD9C
C0F9	E7858E
C0FA	E785BD
C0FB	E6978B
C0FC	E7A9BF
C0FD	E7AEAD
C0FE	E7B79A
C1A1	E7B98A
C1A2	E7BEA8
C1A3	E885BA
C1A4	E8889B
C1A5	E888B9
C1A6	E896A6
C1A7	E8A9AE
C1A8	E8B38E
C1A9	E8B7B5
C1AA	E981B8
C1AB	E981B7
C1AC	E98AAD
C1AD	E98A91
C1AE	E99683
C1AF	E9AEAE
C1B0	E5898D
C1B1	E59684
C1B2	E6BCB8
C1B3	E784B6
C1B4	E585A8
C1B5	E7A685
C1B6	E7B995
C1B7	E886B3
C1B8	E7B38E
C1B9	E5998C
C1BA	E5A191
C1BB	E5B2A8
C1BC	E68EAA
C1BD	E69BBE
C1BE	E69BBD
C1BF	E6A59A
C1C0	E78B99
C1C1	E7968F
C1C2	E7968E
C1C3	E7A48E
C1C4	E7A596
C1C5	E7A79F
C1C6	E7B297
C1C7	E7B4A0
C1C8	E7B584
C1C9	E89887
C1CA	E8A8B4
C1CB	E998BB
C1CC	E981A1
C1CD	E9BCA0
C1CE	E583A7
C1CF	E589B5
C1D0	E58F8C
C1D1	E58FA2
C1D2	E58089
C1D3	E596AA
C1D4	E5A3AE
C1D5	E5A58F
C1D6	E788BD
C1D7	E5AE8B
C1D8	E5B1A4
C1D9	E58C9D
C1DA	E683A3
C1DB	E683B3
C1DC	E68D9C
C1DD	E68E83
C1DE	E68CBF
C1DF	E68EBB
C1E0	E6938D
C1E1	E697A9
C1E2	E69BB9
C1E3	E5B7A3
C1E4	E6A78D
C1E5	E6A7BD
C1E6	E6BC95
C1E7	E787A5
C1E8	E4BA89
C1E9	E797A9
C1EA	E79BB8
C1EB	E7AA93
C1EC	E7B39F
C1ED	E7B78F
C1EE	E7B69C
C1EF	E881A1
C1F0	E88D89
C1F1	E88D98
C1F2	E891AC
C1F3	E892BC
C1F4	E897BB
C1F5	E8A385
C1F6	E8B5B0
C1F7	E98081
C1F8	E981AD
C1F9	E98E97
C1FA	E99C9C
C1FB	E9A892
C1FC	E5838F
C1FD	E5A297
C1FE	E6868E
C2A1	E88793
C2A2	E894B5
C2A3	E8B488
C2A4	E980A0
C2A5	E4BF83
C2A6	E581B4
C2A7	E58987
C2A8	E58DB3
C2A9	E681AF
C2AA	E68D89
C2AB	E69D9F
C2AC	E6B8AC
C2AD	E8B6B3
C2AE	E9809F
C2AF	E4BF97
C2B0	E5B19E
C2B1	E8B38A
C2B2	E6978F
C2B3	E7B69A
C2B4	E58D92
C2B5	E8A296
C2B6	E585B6
C2B7	E68F83
C2B8	E5AD98
C2B9	E5ADAB
C2BA	E5B08A
C2BB	E6908D
C2BC	E69D91
C2BD	E9819C
C2BE	E4BB96
C2BF	E5A49A
C2C0	E5A4AA
C2C1	E6B1B0
C2C2	E8A991
C2C3	E594BE
C2C4	E5A095
C2C5	E5A6A5
C2C6	E683B0
C2C7	E68993
C2C8	E69F81
C2C9	E888B5
C2CA	E6A595
C2CB	E99980
C2CC	E9A784
C2CD	E9A8A8
C2CE	E4BD93
C2CF	E5A086
C2D0	E5AFBE
C2D1	E88090
C2D2	E5B2B1
C2D3	E5B8AF
C2D4	E5BE85
C2D5	E680A0
C2D6	E6858B
C2D7	E688B4
C2D8	E69BBF
C2D9	E6B3B0
C2DA	E6BB9E
C2DB	E8838E
C2DC	E885BF
C2DD	E88B94
C2DE	E8A28B
C2DF	E8B2B8
C2E0	E98080
C2E1	E980AE
C2E2	E99A8A
C2E3	E9BB9B
C2E4	E9AF9B
C2E5	E4BBA3
C2E6	E58FB0
C2E7	E5A4A7
C2E8	E7ACAC
C2E9	E9868D
C2EA	E9A18C
C2EB	E9B7B9
C2EC	E6BB9D
C2ED	E780A7
C2EE	E58D93
C2EF	E59584
C2F0	E5AE85
C2F1	E68998
C2F2	E68A9E
C2F3	E68B93
C2F4	E6B2A2
C2F5	E6BFAF
C2F6	E790A2
C2F7	E8A897
C2F8	E990B8
C2F9	E6BF81
C2FA	E8ABBE
C2FB	E88CB8
C2FC	E587A7
C2FD	E89BB8
C2FE	E58FAA
C3A1	E58FA9
C3A2	E4BD86
C3A3	E98194
C3A4	E8BEB0
C3A5	E5A5AA
C3A6	E884B1
C3A7	E5B7BD
C3A8	E7ABAA
C3A9	E8BEBF
C3AA	E6A39A
C3AB	E8B0B7
C3AC	E78BB8
C3AD	E9B188
C3AE	E6A8BD
C3AF	E8AAB0
C3B0	E4B8B9
C3B1	E58D98
C3B2	E59886
C3B3	E59DA6
C3B4	E68B85
C3B5	E68EA2
C3B6	E697A6
C3B7	E6AD8E
C3B8	E6B7A1
C3B9	E6B99B
C3BA	E782AD
C3BB	E79FAD
C3BC	E7ABAF
C3BD	E7AEAA
C3BE	E7B6BB
C3BF	E880BD
C3C0	E88386
C3C1	E89B8B
C3C2	E8AA95
C3C3	E98D9B
C3C4	E59BA3
C3C5	E5A387
C3C6	E5BCBE
C3C7	E696AD
C3C8	E69A96
C3C9	E6AA80
C3CA	E6AEB5
C3CB	E794B7
C3CC	E8AB87
C3CD	E580A4
C3CE	E79FA5
C3CF	E59CB0
C3D0	E5BC9B
C3D1	E681A5
C3D2	E699BA
C3D3	E6B1A0
C3D4	E797B4
C3D5	E7A89A
C3D6	E7BDAE
C3D7	E887B4
C3D8	E89C98
C3D9	E98185
C3DA	E9A6B3
C3DB	E7AF89
C3DC	E7959C
C3DD	E7ABB9
C3DE	E7AD91
C3DF	E89384
C3E0	E98090
C3E1	E7A7A9
C3E2	E7AA92
C3E3	E88CB6
C3E4	E5ABA1
C3E5	E79D80
C3E6	E4B8AD
C3E7	E4BBB2
C3E8	E5AE99
C3E9	E5BFA0
C3EA	E68ABD
C3EB	E698BC
C3EC	E69FB1
C3ED	E6B3A8
C3EE	E899AB
C3EF	E8A1B7
C3F0	E8A8BB
C3F1	E9858E
C3F2	E98BB3
C3F3	E9A790
C3F4	E6A897
C3F5	E780A6
C3F6	E78CAA
C3F7	E88BA7
C3F8	E89197
C3F9	E8B2AF
C3FA	E4B881
C3FB	E58586
C3FC	E5878B
C3FD	E5968B
C3FE	E5AFB5
C4A1	E5B896
C4A2	E5B8B3
C4A3	E5BA81
C4A4	E5BC94
C4A5	E5BCB5
C4A6	E5BDAB
C4A7	E5BEB4
C4A8	E687B2
C4A9	E68C91
C4AA	E69AA2
C4AB	E69C9D
C4AC	E6BDAE
C4AD	E78992
C4AE	E794BA
C4AF	E79CBA
C4B0	E881B4
C4B1	E884B9
C4B2	E885B8
C4B3	E89DB6
C4B4	E8AABF
C4B5	E8AB9C
C4B6	E8B685
C4B7	E8B7B3
C4B8	E98A9A
C4B9	E995B7
C4BA	E9A082
C4BB	E9B3A5
C4BC	E58B85
C4BD	E68D97
C4BE	E79BB4
C4BF	E69C95
C4C0	E6B288
C4C1	E78F8D
C4C2	E8B383
C4C3	E98EAE
C4C4	E999B3
C4C5	E6B4A5
C4C6	E5A29C
C4C7	E6A48E
C4C8	E6A78C
C4C9	E8BFBD
C4CA	E98E9A
C4CB	E7979B
C4CC	E9809A
C4CD	E5A19A
C4CE	E6A082
C4CF	E68EB4
C4D0	E6A7BB
C4D1	E4BD83
C4D2	E6BCAC
C4D3	E69F98
C4D4	E8BEBB
C4D5	E894A6
C4D6	E7B6B4
C4D7	E98D94
C4D8	E6A4BF
C4D9	E6BDB0
C4DA	E59DAA
C4DB	E5A3B7
C4DC	E5ACAC
C4DD	E7B4AC
C4DE	E788AA
C4DF	E5908A
C4E0	E987A3
C4E1	E9B6B4
C4E2	E4BAAD
C4E3	E4BD8E
C4E4	E5819C
C4E5	E581B5
C4E6	E58983
C4E7	E8B29E
C4E8	E59188
C4E9	E5A0A4
C4EA	E5AE9A
C4EB	E5B89D
C4EC	E5BA95
C4ED	E5BAAD
C4EE	E5BBB7
C4EF	E5BC9F
C4F0	E6828C
C4F1	E68AB5
C4F2	E68CBA
C4F3	E68F90
C4F4	E6A2AF
C4F5	E6B180
C4F6	E7A287
C4F7	E7A68E
C4F8	E7A88B
C4F9	E7B7A0
C4FA	E88987
C4FB	E8A882
C4FC	E8ABA6
C4FD	E8B984
C4FE	E98093
C5A1	E982B8
C5A2	E984AD
C5A3	E98798
C5A4	E9BC8E
C5A5	E6B3A5
C5A6	E69198
C5A7	E693A2
C5A8	E695B5
C5A9	E6BBB4
C5AA	E79A84
C5AB	E7AC9B
C5AC	E981A9
C5AD	E98F91
C5AE	E6BABA
C5AF	E593B2
C5B0	E5BEB9
C5B1	E692A4
C5B2	E8BD8D
C5B3	E8BFAD
C5B4	E98984
C5B5	E585B8
C5B6	E5A1AB
C5B7	E5A4A9
C5B8	E5B195
C5B9	E5BA97
C5BA	E6B7BB
C5BB	E7BA8F
C5BC	E7949C
C5BD	E8B2BC
C5BE	E8BBA2
C5BF	E9A19B
C5C0	E782B9
C5C1	E4BC9D
C5C2	E6AEBF
C5C3	E6BEB1
C5C4	E794B0
C5C5	E99BBB
C5C6	E5858E
C5C7	E59090
C5C8	E5A0B5
C5C9	E5A197
C5CA	E5A6AC
C5CB	E5B1A0
C5CC	E5BE92
C5CD	E69697
C5CE	E69D9C
C5CF	E6B8A1
C5D0	E799BB
C5D1	E88F9F
C5D2	E8B3AD
C5D3	E98094
C5D4	E983BD
C5D5	E98D8D
C5D6	E7A0A5
C5D7	E7A0BA
C5D8	E58AAA
C5D9	E5BAA6
C5DA	E59C9F
C5DB	E5A5B4
C5DC	E68092
C5DD	E58092
C5DE	E5859A
C5DF	E586AC
C5E0	E5878D
C5E1	E58880
C5E2	E59490
C5E3	E5A194
C5E4	E5A198
C5E5	E5A597
C5E6	E5AE95
C5E7	E5B3B6
C5E8	E5B68B
C5E9	E682BC
C5EA	E68A95
C5EB	E690AD
C5EC	E69DB1
C5ED	E6A183
C5EE	E6A2BC
C5EF	E6A39F
C5F0	E79B97
C5F1	E6B798
C5F2	E6B9AF
C5F3	E6B69B
C5F4	E781AF
C5F5	E78788
C5F6	E5BD93
C5F7	E79798
C5F8	E7A5B7
C5F9	E7AD89
C5FA	E7AD94
C5FB	E7AD92
C5FC	E7B396
C5FD	E7B5B1
C5FE	E588B0
C6A1	E891A3
C6A2	E895A9
C6A3	E897A4
C6A4	E8A88E
C6A5	E8AC84
C6A6	E8B186
C6A7	E8B88F
C6A8	E98083
C6A9	E9808F
C6AA	E99099
C6AB	E999B6
C6AC	E9A0AD
C6AD	E9A8B0
C6AE	E99798
C6AF	E5838D
C6B0	E58B95
C6B1	E5908C
C6B2	E5A082
C6B3	E5B08E
C6B4	E686A7
C6B5	E6929E
C6B6	E6B49E
C6B7	E79EB3
C6B8	E7ABA5
C6B9	E883B4
C6BA	E89084
C6BB	E98193
C6BC	E98A85
C6BD	E5B3A0
C6BE	E9B487
C6BF	E58CBF
C6C0	E5BE97
C6C1	E5BEB3
C6C2	E6B69C
C6C3	E789B9
C6C4	E79DA3
C6C5	E7A6BF
C6C6	E7AFA4
C6C7	E6AF92
C6C8	E78BAC
C6C9	E8AAAD
C6CA	E6A083
C6CB	E6A9A1
C6CC	E587B8
C6CD	E7AA81
C6CE	E6A4B4
C6CF	E5B18A
C6D0	E9B3B6
C6D1	E88BAB
C6D2	E5AF85
C6D3	E98589
C6D4	E7809E
C6D5	E599B8
C6D6	E5B1AF
C6D7	E68387
C6D8	E695A6
C6D9	E6B28C
C6DA	E8B19A
C6DB	E98181
C6DC	E9A093
C6DD	E59191
C6DE	E69B87
C6DF	E9888D
C6E0	E5A588
C6E1	E982A3
C6E2	E58685
C6E3	E4B98D
C6E4	E587AA
C6E5	E89699
C6E6	E8AC8E
C6E7	E78198
C6E8	E68DBA
C6E9	E98D8B
C6EA	E6A5A2
C6EB	E9A6B4
C6EC	E7B884
C6ED	E795B7
C6EE	E58D97
C6EF	E6A5A0
C6F0	E8BB9F
C6F1	E99BA3
C6F2	E6B19D
C6F3	E4BA8C
C6F4	E5B0BC
C6F5	E5BC90
C6F6	E8BFA9
C6F7	E58C82
C6F8	E8B391
C6F9	E88289
C6FA	E899B9
C6FB	E5BBBF
C6FC	E697A5
C6FD	E4B9B3
C6FE	E585A5
C7A1	E5A682
C7A2	E5B0BF
C7A3	E99FAE
C7A4	E4BBBB
C7A5	E5A68A
C7A6	E5BF8D
C7A7	E8AA8D
C7A8	E6BFA1
C7A9	E7A6B0
C7AA	E7A5A2
C7AB	E5AFA7
C7AC	E891B1
C7AD	E78CAB
C7AE	E786B1
C7AF	E5B9B4
C7B0	E5BFB5
C7B1	E68DBB
C7B2	E6929A
C7B3	E78783
C7B4	E7B298
C7B5	E4B983
C7B6	E5BBBC
C7B7	E4B98B
C7B8	E59F9C
C7B9	E59AA2
C7BA	E682A9
C7BB	E6BF83
C7BC	E7B48D
C7BD	E883BD
C7BE	E884B3
C7BF	E886BF
C7C0	E8BEB2
C7C1	E8A697
C7C2	E89AA4
C7C3	E5B7B4
C7C4	E68A8A
C7C5	E692AD
C7C6	E8A687
C7C7	E69DB7
C7C8	E6B3A2
C7C9	E6B4BE
C7CA	E790B6
C7CB	E7A0B4
C7CC	E5A986
C7CD	E7BDB5
C7CE	E88AAD
C7CF	E9A6AC
C7D0	E4BFB3
C7D1	E5BB83
C7D2	E68B9D
C7D3	E68E92
C7D4	E69597
C7D5	E69DAF
C7D6	E79B83
C7D7	E7898C
C7D8	E8838C
C7D9	E882BA
C7DA	E8BCA9
C7DB	E9858D
C7DC	E5808D
C7DD	E59FB9
C7DE	E5AA92
C7DF	E6A285
C7E0	E6A5B3
C7E1	E785A4
C7E2	E78BBD
C7E3	E8B2B7
C7E4	E5A3B2
C7E5	E8B3A0
C7E6	E999AA
C7E7	E98099
C7E8	E89DBF
C7E9	E7A7A4
C7EA	E79FA7
C7EB	E890A9
C7EC	E4BCAF
C7ED	E589A5
C7EE	E58D9A
C7EF	E68B8D
C7F0	E69F8F
C7F1	E6B38A
C7F2	E799BD
C7F3	E7AE94
C7F4	E7B295
C7F5	E888B6
C7F6	E89684
C7F7	E8BFAB
C7F8	E69B9D
C7F9	E6BCA0
C7FA	E78886
C7FB	E7B89B
C7FC	E88EAB
C7FD	E9A781
C7FE	E9BAA6
C8A1	E587BD
C8A2	E7AEB1
C8A3	E7A1B2
C8A4	E7AEB8
C8A5	E88287
C8A6	E7AD88
C8A7	E6ABA8
C8A8	E5B9A1
C8A9	E8828C
C8AA	E79591
C8AB	E795A0
C8AC	E585AB
C8AD	E989A2
C8AE	E6BA8C
C8AF	E799BA
C8B0	E98697
C8B1	E9ABAA
C8B2	E4BC90
C8B3	E7BDB0
C8B4	E68A9C
C8B5	E7AD8F
C8B6	E996A5
C8B7	E9B3A9
C8B8	E599BA
C8B9	E5A199
C8BA	E89BA4
C8BB	E99ABC
C8BC	E4BCB4
C8BD	E588A4
C8BE	E58D8A
C8BF	E58F8D
C8C0	E58F9B
C8C1	E5B886
C8C2	E690AC
C8C3	E69691
C8C4	E69DBF
C8C5	E6B0BE
C8C6	E6B18E
C8C7	E78988
C8C8	E78AAF
C8C9	E78FAD
C8CA	E79594
C8CB	E7B981
C8CC	E888AC
C8CD	E897A9
C8CE	E8B2A9
C8CF	E7AF84
C8D0	E98786
C8D1	E785A9
C8D2	E9A092
C8D3	E9A3AF
C8D4	E68CBD
C8D5	E699A9
C8D6	E795AA
C8D7	E79BA4
C8D8	E7A390
C8D9	E89583
C8DA	E89BAE
C8DB	E58CAA
C8DC	E58D91
C8DD	E590A6
C8DE	E5A683
C8DF	E5BA87
C8E0	E5BDBC
C8E1	E682B2
C8E2	E68989
C8E3	E689B9
C8E4	E68AAB
C8E5	E69690
C8E6	E6AF94
C8E7	E6B38C
C8E8	E796B2
C8E9	E79AAE
C8EA	E7A291
C8EB	E7A798
C8EC	E7B78B
C8ED	E7BDB7
C8EE	E882A5
C8EF	E8A2AB
C8F0	E8AAB9
C8F1	E8B2BB
C8F2	E981BF
C8F3	E99D9E
C8F4	E9A39B
C8F5	E6A88B
C8F6	E7B0B8
C8F7	E58299
C8F8	E5B0BE
C8F9	E5BEAE
C8FA	E69E87
C8FB	E6AF98
C8FC	E790B5
C8FD	E79C89
C8FE	E7BE8E
C9A1	E9BCBB
C9A2	E69F8A
C9A3	E7A897
C9A4	E58CB9
C9A5	E7968B
C9A6	E9ABAD
C9A7	E5BDA6
C9A8	E8869D
C9A9	E88FB1
C9AA	E88298
C9AB	E5BCBC
C9AC	E5BF85
C9AD	E795A2
C9AE	E7AD86
C9AF	E980BC
C9B0	E6A1A7
C9B1	E5A7AB
C9B2	E5AA9B
C9B3	E7B490
C9B4	E799BE
C9B5	E8ACAC
C9B6	E4BFB5
C9B7	E5BDAA
C9B8	E6A899
C9B9	E6B0B7
C9BA	E6BC82
C9BB	E793A2
C9BC	E7A5A8
C9BD	E8A1A8
C9BE	E8A995
C9BF	E8B1B9
C9C0	E5BB9F
C9C1	E68F8F
C9C2	E79785
C9C3	E7A792
C9C4	E88B97
C9C5	E98CA8
C9C6	E98BB2
C9C7	E8929C
C9C8	E89BAD
C9C9	E9B0AD
C9CA	E59381
C9CB	E5BDAC
C9CC	E6968C
C9CD	E6B59C
C9CE	E78095
C9CF	E8B2A7
C9D0	E8B393
C9D1	E9A0BB
C9D2	E6958F
C9D3	E793B6
C9D4	E4B88D
C9D5	E4BB98
C9D6	E59FA0
C9D7	E5A4AB
C9D8	E5A9A6
C9D9	E5AF8C
C9DA	E586A8
C9DB	E5B883
C9DC	E5BA9C
C9DD	E68096
C9DE	E689B6
C9DF	E695B7
C9E0	E696A7
C9E1	E699AE
C9E2	E6B5AE
C9E3	E788B6
C9E4	E7ACA6
C9E5	E88590
C9E6	E8869A
C9E7	E88A99
C9E8	E8AD9C
C9E9	E8B2A0
C9EA	E8B3A6
C9EB	E8B5B4
C9EC	E9989C
C9ED	E99984
C9EE	E4BEAE
C9EF	E692AB
C9F0	E6ADA6
C9F1	E8889E
C9F2	E891A1
C9F3	E895AA
C9F4	E983A8
C9F5	E5B081
C9F6	E6A593
C9F7	E9A2A8
C9F8	E891BA
C9F9	E89597
C9FA	E4BC8F
C9FB	E589AF
C9FC	E5BEA9
C9FD	E5B985
C9FE	E69C8D
CAA1	E7A68F
CAA2	E885B9
CAA3	E8A487
CAA4	E8A686
CAA5	E6B7B5
CAA6	E5BC97
CAA7	E68995
CAA8	E6B2B8
CAA9	E4BB8F
CAAA	E789A9
CAAB	E9AE92
CAAC	E58886
CAAD	E590BB
CAAE	E599B4
CAAF	E5A2B3
CAB0	E686A4
CAB1	E689AE
CAB2	E7849A
CAB3	E5A5AE
CAB4	E7B289
CAB5	E7B39E
CAB6	E7B49B
CAB7	E99BB0
CAB8	E69687
CAB9	E8819E
CABA	E4B899
CABB	E4BDB5
CABC	E585B5
CABD	E5A180
CABE	E5B9A3
CABF	E5B9B3
CAC0	E5BC8A
CAC1	E69F84
CAC2	E4B8A6
CAC3	E894BD
CAC4	E99689
CAC5	E9999B
CAC6	E7B1B3
CAC7	E9A081
CAC8	E583BB
CAC9	E5A381
CACA	E79996
CACB	E7A2A7
CACC	E588A5
CACD	E79EA5
CACE	E89491
CACF	E7AE86
CAD0	E5818F
CAD1	E5A489
CAD2	E78987
CAD3	E7AF87
CAD4	E7B7A8
CAD5	E8BEBA
CAD6	E8BF94
CAD7	E9818D
CAD8	E4BEBF
CAD9	E58B89
CADA	E5A8A9
CADB	E5BC81
CADC	E99EAD
CADD	E4BF9D
CADE	E88897
CADF	E98BAA
CAE0	E59C83
CAE1	E68D95
CAE2	E6ADA9
CAE3	E794AB
CAE4	E8A39C
CAE5	E8BC94
CAE6	E7A982
CAE7	E58B9F
CAE8	E5A293
CAE9	E68595
CAEA	E6888A
CAEB	E69AAE
CAEC	E6AF8D
CAED	E7B0BF
CAEE	E88FA9
CAEF	E580A3
CAF0	E4BFB8
CAF1	E58C85
CAF2	E59186
CAF3	E5A0B1
CAF4	E5A589
CAF5	E5AE9D
CAF6	E5B3B0
CAF7	E5B3AF
CAF8	E5B4A9
CAF9	E5BA96
CAFA	E68AB1
CAFB	E68DA7
CAFC	E694BE
CAFD	E696B9
CAFE	E69C8B
CBA1	E6B395
CBA2	E6B3A1
CBA3	E783B9
CBA4	E7A0B2
CBA5	E7B8AB
CBA6	E8839E
CBA7	E88AB3
CBA8	E8908C
CBA9	E893AC
CBAA	E89C82
CBAB	E8A492
CBAC	E8A8AA
CBAD	E8B18A
CBAE	E982A6
CBAF	E98B92
CBB0	E9A3BD
CBB1	E9B3B3
CBB2	E9B5AC
CBB3	E4B98F
CBB4	E4BAA1
CBB5	E5828D
CBB6	E58996
CBB7	E59D8A
CBB8	E5A6A8
CBB9	E5B8BD
CBBA	E5BF98
CBBB	E5BF99
CBBC	E688BF
CBBD	E69AB4
CBBE	E69C9B
CBBF	E69F90
CBC0	E6A392
CBC1	E58692
CBC2	E7B4A1
CBC3	E882AA
CBC4	E886A8
CBC5	E8AC80
CBC6	E8B28C
CBC7	E8B2BF
CBC8	E989BE
CBC9	E998B2
CBCA	E590A0
CBCB	E9A0AC
CBCC	E58C97
CBCD	E58395
CBCE	E58D9C
CBCF	E5A2A8
CBD0	E692B2
CBD1	E69CB4
CBD2	E789A7
CBD3	E79DA6
CBD4	E7A986
CBD5	E987A6
CBD6	E58B83
CBD7	E6B2A1
CBD8	E6AE86
CBD9	E5A080
CBDA	E5B98C
CBDB	E5A594
CBDC	E69CAC
CBDD	E7BFBB
CBDE	E587A1
CBDF	E79B86
CBE0	E691A9
CBE1	E7A3A8
CBE2	E9AD94
CBE3	E9BABB
CBE4	E59F8B
CBE5	E5A6B9
CBE6	E698A7
CBE7	E69E9A
CBE8	E6AF8E
CBE9	E593A9
CBEA	E6A799
CBEB	E5B995
CBEC	E8869C
CBED	E69E95
CBEE	E9AEAA
CBEF	E69FBE
CBF0	E9B192
CBF1	E6A19D
CBF2	E4BAA6
CBF3	E4BFA3
CBF4	E58F88
CBF5	E68AB9
CBF6	E69CAB
CBF7	E6B2AB
CBF8	E8BF84
CBF9	E4BEAD
CBFA	E7B9AD
CBFB	E9BABF
CBFC	E4B887
CBFD	E685A2
CBFE	E6BA80
CCA1	E6BCAB
CCA2	E89493
CCA3	E591B3
CCA4	E69CAA
CCA5	E9AD85
CCA6	E5B7B3
CCA7	E7AE95
CCA8	E5B2AC
CCA9	E5AF86
CCAA	E89C9C
CCAB	E6B98A
CCAC	E89391
CCAD	E7A894
CCAE	E88488
CCAF	E5A699
CCB0	E7B28D
CCB1	E6B091
CCB2	E79CA0
CCB3	E58B99
CCB4	E5A4A2
CCB5	E784A1
CCB6	E7899F
CCB7	E79F9B
CCB8	E99CA7
CCB9	E9B5A1
CCBA	E6A48B
CCBB	E5A9BF
CCBC	E5A898
CCBD	E586A5
CCBE	E5908D
CCBF	E591BD
CCC0	E6988E
CCC1	E79B9F
CCC2	E8BFB7
CCC3	E98A98
CCC4	E9B3B4
CCC5	E5A7AA
CCC6	E7899D
CCC7	E6BB85
CCC8	E5858D
CCC9	E6A389
CCCA	E7B6BF
CCCB	E7B7AC
CCCC	E99DA2
CCCD	E9BABA
CCCE	E691B8
CCCF	E6A8A1
CCD0	E88C82
CCD1	E5A684
CCD2	E5AD9F
CCD3	E6AF9B
CCD4	E78C9B
CCD5	E79BB2
CCD6	E7B6B2
CCD7	E88097
CCD8	E89299
CCD9	E584B2
CCDA	E69CA8
CCDB	E9BB99
CCDC	E79BAE
CCDD	E69DA2
CCDE	E58BBF
CCDF	E9A485
CCE0	E5B0A4
CCE1	E688BB
CCE2	E7B1BE
CCE3	E8B2B0
CCE4	E5958F
CCE5	E682B6
CCE6	E7B48B
CCE7	E99680
CCE8	E58C81
CCE9	E4B99F
CCEA	E586B6
CCEB	E5A49C
CCEC	E788BA
CCED	E880B6
CCEE	E9878E
CCEF	E5BCA5
CCF0	E79FA2
CCF1	E58E84
CCF2	E5BDB9
CCF3	E7B484
CCF4	E896AC
CCF5	E8A8B3
CCF6	E8BA8D
CCF7	E99D96
CCF8	E69FB3
CCF9	E896AE
CCFA	E99193
CCFB	E68489
CCFC	E68488
CCFD	E6B2B9
CCFE	E79992
CDA1	E8ABAD
CDA2	E8BCB8
CDA3	E594AF
CDA4	E4BD91
CDA5	E584AA
CDA6	E58B87
CDA7	E58F8B
CDA8	E5AEA5
CDA9	E5B9BD
CDAA	E682A0
CDAB	E68682
CDAC	E68F96
CDAD	E69C89
CDAE	E69F9A
CDAF	E6B9A7
CDB0	E6B68C
CDB1	E78CB6
CDB2	E78CB7
CDB3	E794B1
CDB4	E7A590
CDB5	E8A395
CDB6	E8AA98
CDB7	E9818A
CDB8	E98291
CDB9	E983B5
CDBA	E99B84
CDBB	E89E8D
CDBC	E5A495
CDBD	E4BA88
CDBE	E4BD99
CDBF	E4B88E
CDC0	E8AA89
CDC1	E8BCBF
CDC2	E9A090
CDC3	E582AD
CDC4	E5B9BC
CDC5	E5A696
CDC6	E5AEB9
CDC7	E5BAB8
CDC8	E68F9A
CDC9	E68FBA
CDCA	E69381
CDCB	E69B9C
CDCC	E6A58A
CDCD	E6A798
CDCE	E6B48B
CDCF	E6BAB6
CDD0	E78694
CDD1	E794A8
CDD2	E7AAAF
CDD3	E7BE8A
CDD4	E88080
CDD5	E89189
CDD6	E89389
CDD7	E8A681
CDD8	E8ACA1
CDD9	E8B88A
CDDA	E981A5
CDDB	E999BD
CDDC	E9A48A
CDDD	E685BE
CDDE	E68A91
CDDF	E6ACB2
CDE0	E6B283
CDE1	E6B5B4
CDE2	E7BF8C
CDE3	E7BFBC
CDE4	E6B780
CDE5	E7BE85
CDE6	E89EBA
CDE7	E8A3B8
CDE8	E69DA5
CDE9	E88EB1
CDEA	E9A0BC
CDEB	E99BB7
CDEC	E6B49B
CDED	E7B5A1
CDEE	E890BD
CDEF	E985AA
CDF0	E4B9B1
CDF1	E58DB5
CDF2	E5B590
CDF3	E6AC84
CDF4	E6BFAB
CDF5	E8978D
CDF6	E898AD
CDF7	E8A6A7
CDF8	E588A9
CDF9	E5908F
CDFA	E5B1A5
CDFB	E69D8E
CDFC	E6A2A8
CDFD	E79086
CDFE	E79283
CEA1	E797A2
CEA2	E8A38F
CEA3	E8A3A1
CEA4	E9878C
CEA5	E99BA2
CEA6	E999B8
CEA7	E5BE8B
CEA8	E78E87
CEA9	E7AB8B
CEAA	E8918E
CEAB	E68EA0
CEAC	E795A5
CEAD	E58A89
CEAE	E6B581
CEAF	E6BA9C
CEB0	E79089
CEB1	E79599
CEB2	E7A1AB
CEB3	E7B292
CEB4	E99A86
CEB5	E7AB9C
CEB6	E9BE8D
CEB7	E4BEB6
CEB8	E685AE
CEB9	E69785
CEBA	E8999C
CEBB	E4BA86
CEBC	E4BAAE
CEBD	E5839A
CEBE	E4B8A1
CEBF	E5878C
CEC0	E5AFAE
CEC1	E69699
CEC2	E6A281
CEC3	E6B6BC
CEC4	E78C9F
CEC5	E79982
CEC6	E79EAD
CEC7	E7A89C
CEC8	E7B3A7
CEC9	E889AF
CECA	E8AB92
CECB	E981BC
CECC	E9878F
CECD	E999B5
CECE	E9A098
CECF	E58A9B
CED0	E7B791
CED1	E580AB
CED2	E58E98
CED3	E69E97
CED4	E6B78B
CED5	E78790
CED6	E790B3
CED7	E887A8
CED8	E8BCAA
CED9	E99AA3
CEDA	E9B197
CEDB	E9BA9F
CEDC	E791A0
CEDD	E5A181
CEDE	E6B699
CEDF	E7B4AF
CEE0	E9A19E
CEE1	E4BBA4
CEE2	E4BCB6
CEE3	E4BE8B
CEE4	E586B7
CEE5	E58AB1
CEE6	E5B6BA
CEE7	E6809C
CEE8	E78EB2
CEE9	E7A4BC
CEEA	E88B93
CEEB	E988B4
CEEC	E99AB7
CEED	E99BB6
CEEE	E99C8A
CEEF	E9BA97
CEF0	E9BDA2
CEF1	E69AA6
CEF2	E6ADB4
CEF3	E58897
CEF4	E58AA3
CEF5	E78388
CEF6	E8A382
CEF7	E5BB89
CEF8	E6818B
CEF9	E68690
CEFA	E6BCA3
CEFB	E78589
CEFC	E7B0BE
CEFD	E7B7B4
CEFE	E881AF
CFA1	E893AE
CFA2	E980A3
CFA3	E98CAC
CFA4	E59182
CFA5	E9ADAF
CFA6	E6AB93
CFA7	E78289
CFA8	E8B382
CFA9	E8B7AF
CFAA	E99CB2
CFAB	E58AB4
CFAC	E5A981
CFAD	E5BB8A
CFAE	E5BC84
CFAF	E69C97
CFB0	E6A5BC
CFB1	E6A694
CFB2	E6B5AA
CFB3	E6BC8F
CFB4	E789A2
CFB5	E78BBC
CFB6	E7AFAD
CFB7	E88081
CFB8	E881BE
CFB9	E89D8B
CFBA	E9838E
CFBB	E585AD
CFBC	E9BA93
CFBD	E7A684
CFBE	E8828B
CFBF	E98CB2
CFC0	E8AB96
CFC1	E580AD
CFC2	E5928C
CFC3	E8A9B1
CFC4	E6ADAA
CFC5	E8B384
CFC6	E88487
CFC7	E68391
CFC8	E69EA0
CFC9	E9B7B2
CFCA	E4BA99
CFCB	E4BA98
CFCC	E9B090
CFCD	E8A9AB
CFCE	E89781
CFCF	E895A8
CFD0	E6A480
CFD1	E6B9BE
CFD2	E7A297
CFD3	E88595
D0A1	E5BC8C
D0A2	E4B890
D0A3	E4B895
D0A4	E4B8AA
D0A5	E4B8B1
D0A6	E4B8B6
D0A7	E4B8BC
D0A8	E4B8BF
D0A9	E4B982
D0AA	E4B996
D0AB	E4B998
D0AC	E4BA82
D0AD	E4BA85
D0AE	E8B1AB
D0AF	E4BA8A
D0B0	E88892
D0B1	E5BC8D
D0B2	E4BA8E
D0B3	E4BA9E
D0B4	E4BA9F
D0B5	E4BAA0
D0B6	E4BAA2
D0B7	E4BAB0
D0B8	E4BAB3
D0B9	E4BAB6
D0BA	E4BB8E
D0BB	E4BB8D
D0BC	E4BB84
D0BD	E4BB86
D0BE	E4BB82
D0BF	E4BB97
D0C0	E4BB9E
D0C1	E4BBAD
D0C2	E4BB9F
D0C3	E4BBB7
D0C4	E4BC89
D0C5	E4BD9A
D0C6	E4BCB0
D0C7	E4BD9B
D0C8	E4BD9D
D0C9	E4BD97
D0CA	E4BD87
D0CB	E4BDB6
D0CC	E4BE88
D0CD	E4BE8F
D0CE	E4BE98
D0CF	E4BDBB
D0D0	E4BDA9
D0D1	E4BDB0
D0D2	E4BE91
D0D3	E4BDAF
D0D4	E4BE86
D0D5	E4BE96
D0D6	E58498
D0D7	E4BF94
D0D8	E4BF9F
D0D9	E4BF8E
D0DA	E4BF98
D0DB	E4BF9B
D0DC	E4BF91
D0DD	E4BF9A
D0DE	E4BF90
D0DF	E4BFA4
D0E0	E4BFA5
D0E1	E5809A
D0E2	E580A8
D0E3	E58094
D0E4	E580AA
D0E5	E580A5
D0E6	E58085
D0E7	E4BC9C
D0E8	E4BFB6
D0E9	E580A1
D0EA	E580A9
D0EB	E580AC
D0EC	E4BFBE
D0ED	E4BFAF
D0EE	E58091
D0EF	E58086
D0F0	E58183
D0F1	E58187
D0F2	E69C83
D0F3	E58195
D0F4	E58190
D0F5	E58188
D0F6	E5819A
D0F7	E58196
D0F8	E581AC
D0F9	E581B8
D0FA	E58280
D0FB	E5829A
D0FC	E58285
D0FD	E582B4
D0FE	E582B2
D1A1	E58389
D1A2	E5838A
D1A3	E582B3
D1A4	E58382
D1A5	E58396
D1A6	E5839E
D1A7	E583A5
D1A8	E583AD
D1A9	E583A3
D1AA	E583AE
D1AB	E583B9
D1AC	E583B5
D1AD	E58489
D1AE	E58481
D1AF	E58482
D1B0	E58496
D1B1	E58495
D1B2	E58494
D1B3	E5849A
D1B4	E584A1
D1B5	E584BA
D1B6	E584B7
D1B7	E584BC
D1B8	E584BB
D1B9	E584BF
D1BA	E58580
D1BB	E58592
D1BC	E5858C
D1BD	E58594
D1BE	E585A2
D1BF	E7ABB8
D1C0	E585A9
D1C1	E585AA
D1C2	E585AE
D1C3	E58680
D1C4	E58682
D1C5	E59B98
D1C6	E5868C
D1C7	E58689
D1C8	E5868F
D1C9	E58691
D1CA	E58693
D1CB	E58695
D1CC	E58696
D1CD	E586A4
D1CE	E586A6
D1CF	E586A2
D1D0	E586A9
D1D1	E586AA
D1D2	E586AB
D1D3	E586B3
D1D4	E586B1
D1D5	E586B2
D1D6	E586B0
D1D7	E586B5
D1D8	E586BD
D1D9	E58785
D1DA	E58789
D1DB	E5879B
D1DC	E587A0
D1DD	E89995
D1DE	E587A9
D1DF	E587AD
D1E0	E587B0
D1E1	E587B5
D1E2	E587BE
D1E3	E58884
D1E4	E5888B
D1E5	E58894
D1E6	E5888E
D1E7	E588A7
D1E8	E588AA
D1E9	E588AE
D1EA	E588B3
D1EB	E588B9
D1EC	E5898F
D1ED	E58984
D1EE	E5898B
D1EF	E5898C
D1F0	E5899E
D1F1	E58994
D1F2	E589AA
D1F3	E589B4
D1F4	E589A9
D1F5	E589B3
D1F6	E589BF
D1F7	E589BD
D1F8	E58A8D
D1F9	E58A94
D1FA	E58A92
D1FB	E589B1
D1FC	E58A88
D1FD	E58A91
D1FE	E8BEA8
D2A1	E8BEA7
D2A2	E58AAC
D2A3	E58AAD
D2A4	E58ABC
D2A5	E58AB5
D2A6	E58B81
D2A7	E58B8D
D2A8	E58B97
D2A9	E58B9E
D2AA	E58BA3
D2AB	E58BA6
D2AC	E9A3AD
D2AD	E58BA0
D2AE	E58BB3
D2AF	E58BB5
D2B0	E58BB8
D2B1	E58BB9
D2B2	E58C86
D2B3	E58C88
D2B4	E794B8
D2B5	E58C8D
D2B6	E58C90
D2B7	E58C8F
D2B8	E58C95
D2B9	E58C9A
D2BA	E58CA3
D2BB	E58CAF
D2BC	E58CB1
D2BD	E58CB3
D2BE	E58CB8
D2BF	E58D80
D2C0	E58D86
D2C1	E58D85
D2C2	E4B897
D2C3	E58D89
D2C4	E58D8D
D2C5	E58796
D2C6	E58D9E
D2C7	E58DA9
D2C8	E58DAE
D2C9	E5A498
D2CA	E58DBB
D2CB	E58DB7
D2CC	E58E82
D2CD	E58E96
D2CE	E58EA0
D2CF	E58EA6
D2D0	E58EA5
D2D1	E58EAE
D2D2	E58EB0
D2D3	E58EB6
D2D4	E58F83
D2D5	E7B092
D2D6	E99B99
D2D7	E58F9F
D2D8	E69BBC
D2D9	E787AE
D2DA	E58FAE
D2DB	E58FA8
D2DC	E58FAD
D2DD	E58FBA
D2DE	E59081
D2DF	E590BD
D2E0	E59180
D2E1	E590AC
D2E2	E590AD
D2E3	E590BC
D2E4	E590AE
D2E5	E590B6
D2E6	E590A9
D2E7	E5909D
D2E8	E5918E
D2E9	E5928F
D2EA	E591B5
D2EB	E5928E
D2EC	E5919F
D2ED	E591B1
D2EE	E591B7
D2EF	E591B0
D2F0	E59292
D2F1	E591BB
D2F2	E59280
D2F3	E591B6
D2F4	E59284
D2F5	E59290
D2F6	E59286
D2F7	E59387
D2F8	E592A2
D2F9	E592B8
D2FA	E592A5
D2FB	E592AC
D2FC	E59384
D2FD	E59388
D2FE	E592A8
D3A1	E592AB
D3A2	E59382
D3A3	E592A4
D3A4	E592BE
D3A5	E592BC
D3A6	E59398
D3A7	E593A5
D3A8	E593A6
D3A9	E5948F
D3AA	E59494
D3AB	E593BD
D3AC	E593AE
D3AD	E593AD
D3AE	E593BA
D3AF	E593A2
D3B0	E594B9
D3B1	E59580
D3B2	E595A3
D3B3	E5958C
D3B4	E594AE
D3B5	E5959C
D3B6	E59585
D3B7	E59596
D3B8	E59597
D3B9	E594B8
D3BA	E594B3
D3BB	E5959D
D3BC	E59699
D3BD	E59680
D3BE	E592AF
D3BF	E5968A
D3C0	E5969F
D3C1	E595BB
D3C2	E595BE
D3C3	E59698
D3C4	E5969E
D3C5	E596AE
D3C6	E595BC
D3C7	E59683
D3C8	E596A9
D3C9	E59687
D3CA	E596A8
D3CB	E5979A
D3CC	E59785
D3CD	E5979F
D3CE	E59784
D3CF	E5979C
D3D0	E597A4
D3D1	E59794
D3D2	E59894
D3D3	E597B7
D3D4	E59896
D3D5	E597BE
D3D6	E597BD
D3D7	E5989B
D3D8	E597B9
D3D9	E5998E
D3DA	E59990
D3DB	E7879F
D3DC	E598B4
D3DD	E598B6
D3DE	E598B2
D3DF	E598B8
D3E0	E599AB
D3E1	E599A4
D3E2	E598AF
D3E3	E599AC
D3E4	E599AA
D3E5	E59A86
D3E6	E59A80
D3E7	E59A8A
D3E8	E59AA0
D3E9	E59A94
D3EA	E59A8F
D3EB	E59AA5
D3EC	E59AAE
D3ED	E59AB6
D3EE	E59AB4
D3EF	E59B82
D3F0	E59ABC
D3F1	E59B81
D3F2	E59B83
D3F3	E59B80
D3F4	E59B88
D3F5	E59B8E
D3F6	E59B91
D3F7	E59B93
D3F8	E59B97
D3F9	E59BAE
D3FA	E59BB9
D3FB	E59C80
D3FC	E59BBF
D3FD	E59C84
D3FE	E59C89
D4A1	E59C88
D4A2	E59C8B
D4A3	E59C8D
D4A4	E59C93
D4A5	E59C98
D4A6	E59C96
D4A7	E59787
D4A8	E59C9C
D4A9	E59CA6
D4AA	E59CB7
D4AB	E59CB8
D4AC	E59D8E
D4AD	E59CBB
D4AE	E59D80
D4AF	E59D8F
D4B0	E59DA9
D4B1	E59F80
D4B2	E59E88
D4B3	E59DA1
D4B4	E59DBF
D4B5	E59E89
D4B6	E59E93
D4B7	E59EA0
D4B8	E59EB3
D4B9	E59EA4
D4BA	E59EAA
D4BB	E59EB0
D4BC	E59F83
D4BD	E59F86
D4BE	E59F94
D4BF	E59F92
D4C0	E59F93
D4C1	E5A08A
D4C2	E59F96
D4C3	E59FA3
D4C4	E5A08B
D4C5	E5A099
D4C6	E5A09D
D4C7	E5A1B2
D4C8	E5A0A1
D4C9	E5A1A2
D4CA	E5A18B
D4CB	E5A1B0
D4CC	E6AF80
D4CD	E5A192
D4CE	E5A0BD
D4CF	E5A1B9
D4D0	E5A285
D4D1	E5A2B9
D4D2	E5A29F
D4D3	E5A2AB
D4D4	E5A2BA
D4D5	E5A39E
D4D6	E5A2BB
D4D7	E5A2B8
D4D8	E5A2AE
D4D9	E5A385
D4DA	E5A393
D4DB	E5A391
D4DC	E5A397
D4DD	E5A399
D4DE	E5A398
D4DF	E5A3A5
D4E0	E5A39C
D4E1	E5A3A4
D4E2	E5A39F
D4E3	E5A3AF
D4E4	E5A3BA
D4E5	E5A3B9
D4E6	E5A3BB
D4E7	E5A3BC
D4E8	E5A3BD
D4E9	E5A482
D4EA	E5A48A
D4EB	E5A490
D4EC	E5A49B
D4ED	E6A2A6
D4EE	E5A4A5
D4EF	E5A4AC
D4F0	E5A4AD
D4F1	E5A4B2
D4F2	E5A4B8
D4F3	E5A4BE
D4F4	E7AB92
D4F5	E5A595
D4F6	E5A590
D4F7	E5A58E
D4F8	E5A59A
D4F9	E5A598
D4FA	E5A5A2
D4FB	E5A5A0
D4FC	E5A5A7
D4FD	E5A5AC
D4FE	E5A5A9
D5A1	E5A5B8
D5A2	E5A681
D5A3	E5A69D
D5A4	E4BD9E
D5A5	E4BEAB
D5A6	E5A6A3
D5A7	E5A6B2
D5A8	E5A786
D5A9	E5A7A8
D5AA	E5A79C
D5AB	E5A68D
D5AC	E5A799
D5AD	E5A79A
D5AE	E5A8A5
D5AF	E5A89F
D5B0	E5A891
D5B1	E5A89C
D5B2	E5A889
D5B3	E5A89A
D5B4	E5A980
D5B5	E5A9AC
D5B6	E5A989
D5B7	E5A8B5
D5B8	E5A8B6
D5B9	E5A9A2
D5BA	E5A9AA
D5BB	E5AA9A
D5BC	E5AABC
D5BD	E5AABE
D5BE	E5AB8B
D5BF	E5AB82
D5C0	E5AABD
D5C1	E5ABA3
D5C2	E5AB97
D5C3	E5ABA6
D5C4	E5ABA9
D5C5	E5AB96
D5C6	E5ABBA
D5C7	E5ABBB
D5C8	E5AC8C
D5C9	E5AC8B
D5CA	E5AC96
D5CB	E5ACB2
D5CC	E5AB90
D5CD	E5ACAA
D5CE	E5ACB6
D5CF	E5ACBE
D5D0	E5AD83
D5D1	E5AD85
D5D2	E5AD80
D5D3	E5AD91
D5D4	E5AD95
D5D5	E5AD9A
D5D6	E5AD9B
D5D7	E5ADA5
D5D8	E5ADA9
D5D9	E5ADB0
D5DA	E5ADB3
D5DB	E5ADB5
D5DC	E5ADB8
D5DD	E69688
D5DE	E5ADBA
D5DF	E5AE80
D5E0	E5AE83
D5E1	E5AEA6
D5E2	E5AEB8
D5E3	E5AF83
D5E4	E5AF87
D5E5	E5AF89
D5E6	E5AF94
D5E7	E5AF90
D5E8	E5AFA4
D5E9	E5AFA6
D5EA	E5AFA2
D5EB	E5AF9E
D5EC	E5AFA5
D5ED	E5AFAB
D5EE	E5AFB0
D5EF	E5AFB6
D5F0	E5AFB3
D5F1	E5B085
D5F2	E5B087
D5F3	E5B088
D5F4	E5B08D
D5F5	E5B093
D5F6	E5B0A0
D5F7	E5B0A2
D5F8	E5B0A8
D5F9	E5B0B8
D5FA	E5B0B9
D5FB	E5B181
D5FC	E5B186
D5FD	E5B18E
D5FE	E5B193
D6A1	E5B190
D6A2	E5B18F
D6A3	E5ADB1
D6A4	E5B1AC
D6A5	E5B1AE
D6A6	E4B9A2
D6A7	E5B1B6
D6A8	E5B1B9
D6A9	E5B28C
D6AA	E5B291
D6AB	E5B294
D6AC	E5A69B
D6AD	E5B2AB
D6AE	E5B2BB
D6AF	E5B2B6
D6B0	E5B2BC
D6B1	E5B2B7
D6B2	E5B385
D6B3	E5B2BE
D6B4	E5B387
D6B5	E5B399
D6B6	E5B3A9
D6B7	E5B3BD
D6B8	E5B3BA
D6B9	E5B3AD
D6BA	E5B68C
D6BB	E5B3AA
D6BC	E5B48B
D6BD	E5B495
D6BE	E5B497
D6BF	E5B59C
D6C0	E5B49F
D6C1	E5B49B
D6C2	E5B491
D6C3	E5B494
D6C4	E5B4A2
D6C5	E5B49A
D6C6	E5B499
D6C7	E5B498
D6C8	E5B58C
D6C9	E5B592
D6CA	E5B58E
D6CB	E5B58B
D6CC	E5B5AC
D6CD	E5B5B3
D6CE	E5B5B6
D6CF	E5B687
D6D0	E5B684
D6D1	E5B682
D6D2	E5B6A2
D6D3	E5B69D
D6D4	E5B6AC
D6D5	E5B6AE
D6D6	E5B6BD
D6D7	E5B690
D6D8	E5B6B7
D6D9	E5B6BC
D6DA	E5B789
D6DB	E5B78D
D6DC	E5B793
D6DD	E5B792
D6DE	E5B796
D6DF	E5B79B
D6E0	E5B7AB
D6E1	E5B7B2
D6E2	E5B7B5
D6E3	E5B88B
D6E4	E5B89A
D6E5	E5B899
D6E6	E5B891
D6E7	E5B89B
D6E8	E5B8B6
D6E9	E5B8B7
D6EA	E5B984
D6EB	E5B983
D6EC	E5B980
D6ED	E5B98E
D6EE	E5B997
D6EF	E5B994
D6F0	E5B99F
D6F1	E5B9A2
D6F2	E5B9A4
D6F3	E5B987
D6F4	E5B9B5
D6F5	E5B9B6
D6F6	E5B9BA
D6F7	E9BABC
D6F8	E5B9BF
D6F9	E5BAA0
D6FA	E5BB81
D6FB	E5BB82
D6FC	E5BB88
D6FD	E5BB90
D6FE	E5BB8F
D7A1	E5BB96
D7A2	E5BBA3
D7A3	E5BB9D
D7A4	E5BB9A
D7A5	E5BB9B
D7A6	E5BBA2
D7A7	E5BBA1
D7A8	E5BBA8
D7A9	E5BBA9
D7AA	E5BBAC
D7AB	E5BBB1
D7AC	E5BBB3
D7AD	E5BBB0
D7AE	E5BBB4
D7AF	E5BBB8
D7B0	E5BBBE
D7B1	E5BC83
D7B2	E5BC89
D7B3	E5BD9D
D7B4	E5BD9C
D7B5	E5BC8B
D7B6	E5BC91
D7B7	E5BC96
D7B8	E5BCA9
D7B9	E5BCAD
D7BA	E5BCB8
D7BB	E5BD81
D7BC	E5BD88
D7BD	E5BD8C
D7BE	E5BD8E
D7BF	E5BCAF
D7C0	E5BD91
D7C1	E5BD96
D7C2	E5BD97
D7C3	E5BD99
D7C4	E5BDA1
D7C5	E5BDAD
D7C6	E5BDB3
D7C7	E5BDB7
D7C8	E5BE83
D7C9	E5BE82
D7CA	E5BDBF
D7CB	E5BE8A
D7CC	E5BE88
D7CD	E5BE91
D7CE	E5BE87
D7CF	E5BE9E
D7D0	E5BE99
D7D1	E5BE98
D7D2	E5BEA0
D7D3	E5BEA8
D7D4	E5BEAD
D7D5	E5BEBC
D7D6	E5BF96
D7D7	E5BFBB
D7D8	E5BFA4
D7D9	E5BFB8
D7DA	E5BFB1
D7DB	E5BF9D
D7DC	E682B3
D7DD	E5BFBF
D7DE	E680A1
D7DF	E681A0
D7E0	E68099
D7E1	E68090
D7E2	E680A9
D7E3	E6808E
D7E4	E680B1
D7E5	E6809B
D7E6	E68095
D7E7	E680AB
D7E8	E680A6
D7E9	E6808F
D7EA	E680BA
D7EB	E6819A
D7EC	E68181
D7ED	E681AA
D7EE	E681B7
D7EF	E6819F
D7F0	E6818A
D7F1	E68186
D7F2	E6818D
D7F3	E681A3
D7F4	E68183
D7F5	E681A4
D7F6	E68182
D7F7	E681AC
D7F8	E681AB
D7F9	E68199
D7FA	E68281
D7FB	E6828D
D7FC	E683A7
D7FD	E68283
D7FE	E6829A
D8A1	E68284
D8A2	E6829B
D8A3	E68296
D8A4	E68297
D8A5	E68292
D8A6	E682A7
D8A7	E6828B
D8A8	E683A1
D8A9	E682B8
D8AA	E683A0
D8AB	E68393
D8AC	E682B4
D8AD	E5BFB0
D8AE	E682BD
D8AF	E68386
D8B0	E682B5
D8B1	E68398
D8B2	E6858D
D8B3	E68495
D8B4	E68486
D8B5	E683B6
D8B6	E683B7
D8B7	E68480
D8B8	E683B4
D8B9	E683BA
D8BA	E68483
D8BB	E684A1
D8BC	E683BB
D8BD	E683B1
D8BE	E6848D
D8BF	E6848E
D8C0	E68587
D8C1	E684BE
D8C2	E684A8
D8C3	E684A7
D8C4	E6858A
D8C5	E684BF
D8C6	E684BC
D8C7	E684AC
D8C8	E684B4
D8C9	E684BD
D8CA	E68582
D8CB	E68584
D8CC	E685B3
D8CD	E685B7
D8CE	E68598
D8CF	E68599
D8D0	E6859A
D8D1	E685AB
D8D2	E685B4
D8D3	E685AF
D8D4	E685A5
D8D5	E685B1
D8D6	E6859F
D8D7	E6859D
D8D8	E68593
D8D9	E685B5
D8DA	E68699
D8DB	E68696
D8DC	E68687
D8DD	E686AC
D8DE	E68694
D8DF	E6869A
D8E0	E6868A
D8E1	E68691
D8E2	E686AB
D8E3	E686AE
D8E4	E6878C
D8E5	E6878A
D8E6	E68789
D8E7	E687B7
D8E8	E68788
D8E9	E68783
D8EA	E68786
D8EB	E686BA
D8EC	E6878B
D8ED	E7BDB9
D8EE	E6878D
D8EF	E687A6
D8F0	E687A3
D8F1	E687B6
D8F2	E687BA
D8F3	E687B4
D8F4	E687BF
D8F5	E687BD
D8F6	E687BC
D8F7	E687BE
D8F8	E68880
D8F9	E68888
D8FA	E68889
D8FB	E6888D
D8FC	E6888C
D8FD	E68894
D8FE	E6889B
D9A1	E6889E
D9A2	E688A1
D9A3	E688AA
D9A4	E688AE
D9A5	E688B0
D9A6	E688B2
D9A7	E688B3
D9A8	E68981
D9A9	E6898E
D9AA	E6899E
D9AB	E689A3
D9AC	E6899B
D9AD	E689A0
D9AE	E689A8
D9AF	E689BC
D9B0	E68A82
D9B1	E68A89
D9B2	E689BE
D9B3	E68A92
D9B4	E68A93
D9B5	E68A96
D9B6	E68B94
D9B7	E68A83
D9B8	E68A94
D9B9	E68B97
D9BA	E68B91
D9BB	E68ABB
D9BC	E68B8F
D9BD	E68BBF
D9BE	E68B86
D9BF	E69394
D9C0	E68B88
D9C1	E68B9C
D9C2	E68B8C
D9C3	E68B8A
D9C4	E68B82
D9C5	E68B87
D9C6	E68A9B
D9C7	E68B89
D9C8	E68C8C
D9C9	E68BAE
D9CA	E68BB1
D9CB	E68CA7
D9CC	E68C82
D9CD	E68C88
D9CE	E68BAF
D9CF	E68BB5
D9D0	E68D90
D9D1	E68CBE
D9D2	E68D8D
D9D3	E6909C
D9D4	E68D8F
D9D5	E68E96
D9D6	E68E8E
D9D7	E68E80
D9D8	E68EAB
D9D9	E68DB6
D9DA	E68EA3
D9DB	E68E8F
D9DC	E68E89
D9DD	E68E9F
D9DE	E68EB5
D9DF	E68DAB
D9E0	E68DA9
D9E1	E68EBE
D9E2	E68FA9
D9E3	E68F80
D9E4	E68F86
D9E5	E68FA3
D9E6	E68F89
D9E7	E68F92
D9E8	E68FB6
D9E9	E68F84
D9EA	E69096
D9EB	E690B4
D9EC	E69086
D9ED	E69093
D9EE	E690A6
D9EF	E690B6
D9F0	E6949D
D9F1	E69097
D9F2	E690A8
D9F3	E6908F
D9F4	E691A7
D9F5	E691AF
D9F6	E691B6
D9F7	E6918E
D9F8	E694AA
D9F9	E69295
D9FA	E69293
D9FB	E692A5
D9FC	E692A9
D9FD	E69288
D9FE	E692BC
DAA1	E6939A
DAA2	E69392
DAA3	E69385
DAA4	E69387
DAA5	E692BB
DAA6	E69398
DAA7	E69382
DAA8	E693B1
DAA9	E693A7
DAAA	E88889
DAAB	E693A0
DAAC	E693A1
DAAD	E68AAC
DAAE	E693A3
DAAF	E693AF
DAB0	E694AC
DAB1	E693B6
DAB2	E693B4
DAB3	E693B2
DAB4	E693BA
DAB5	E69480
DAB6	E693BD
DAB7	E69498
DAB8	E6949C
DAB9	E69485
DABA	E694A4
DABB	E694A3
DABC	E694AB
DABD	E694B4
DABE	E694B5
DABF	E694B7
DAC0	E694B6
DAC1	E694B8
DAC2	E7958B
DAC3	E69588
DAC4	E69596
DAC5	E69595
DAC6	E6958D
DAC7	E69598
DAC8	E6959E
DAC9	E6959D
DACA	E695B2
DACB	E695B8
DACC	E69682
DACD	E69683
DACE	E8AE8A
DACF	E6969B
DAD0	E6969F
DAD1	E696AB
DAD2	E696B7
DAD3	E69783
DAD4	E69786
DAD5	E69781
DAD6	E69784
DAD7	E6978C
DAD8	E69792
DAD9	E6979B
DADA	E69799
DADB	E697A0
DADC	E697A1
DADD	E697B1
DADE	E69DB2
DADF	E6988A
DAE0	E69883
DAE1	E697BB
DAE2	E69DB3
DAE3	E698B5
DAE4	E698B6
DAE5	E698B4
DAE6	E6989C
DAE7	E6998F
DAE8	E69984
DAE9	E69989
DAEA	E69981
DAEB	E6999E
DAEC	E6999D
DAED	E699A4
DAEE	E699A7
DAEF	E699A8
DAF0	E6999F
DAF1	E699A2
DAF2	E699B0
DAF3	E69A83
DAF4	E69A88
DAF5	E69A8E
DAF6	E69A89
DAF7	E69A84
DAF8	E69A98
DAF9	E69A9D
DAFA	E69B81
DAFB	E69AB9
DAFC	E69B89
DAFD	E69ABE
DAFE	E69ABC
DBA1	E69B84
DBA2	E69AB8
DBA3	E69B96
DBA4	E69B9A
DBA5	E69BA0
DBA6	E698BF
DBA7	E69BA6
DBA8	E69BA9
DBA9	E69BB0
DBAA	E69BB5
DBAB	E69BB7
DBAC	E69C8F
DBAD	E69C96
DBAE	E69C9E
DBAF	E69CA6
DBB0	E69CA7
DBB1	E99CB8
DBB2	E69CAE
DBB3	E69CBF
DBB4	E69CB6
DBB5	E69D81
DBB6	E69CB8
DBB7	E69CB7
DBB8	E69D86
DBB9	E69D9E
DBBA	E69DA0
DBBB	E69D99
DBBC	E69DA3
DBBD	E69DA4
DBBE	E69E89
DBBF	E69DB0
DBC0	E69EA9
DBC1	E69DBC
DBC2	E69DAA
DBC3	E69E8C
DBC4	E69E8B
DBC5	E69EA6
DBC6	E69EA1
DBC7	E69E85
DBC8	E69EB7
DBC9	E69FAF
DBCA	E69EB4
DBCB	E69FAC
DBCC	E69EB3
DBCD	E69FA9
DBCE	E69EB8
DBCF	E69FA4
DBD0	E69F9E
DBD1	E69F9D
DBD2	E69FA2
DBD3	E69FAE
DBD4	E69EB9
DBD5	E69F8E
DBD6	E69F86
DBD7	E69FA7
DBD8	E6AA9C
DBD9	E6A09E
DBDA	E6A186
DBDB	E6A0A9
DBDC	E6A180
DBDD	E6A18D
DBDE	E6A0B2
DBDF	E6A18E
DBE0	E6A2B3
DBE1	E6A0AB
DBE2	E6A199
DBE3	E6A1A3
DBE4	E6A1B7
DBE5	E6A1BF
DBE6	E6A29F
DBE7	E6A28F
DBE8	E6A2AD
DBE9	E6A294
DBEA	E6A29D
DBEB	E6A29B
DBEC	E6A283
DBED	E6AAAE
DBEE	E6A2B9
DBEF	E6A1B4
DBF0	E6A2B5
DBF1	E6A2A0
DBF2	E6A2BA
DBF3	E6A48F
DBF4	E6A28D
DBF5	E6A1BE
DBF6	E6A481
DBF7	E6A38A
DBF8	E6A488
DBF9	E6A398
DBFA	E6A4A2
DBFB	E6A4A6
DBFC	E6A3A1
DBFD	E6A48C
DBFE	E6A38D
DCA1	E6A394
DCA2	E6A3A7
DCA3	E6A395
DCA4	E6A4B6
DCA5	E6A492
DCA6	E6A484
DCA7	E6A397
DCA8	E6A3A3
DCA9	E6A4A5
DCAA	E6A3B9
DCAB	E6A3A0
DCAC	E6A3AF
DCAD	E6A4A8
DCAE	E6A4AA
DCAF	E6A49A
DCB0	E6A4A3
DCB1	E6A4A1
DCB2	E6A386
DCB3	E6A5B9
DCB4	E6A5B7
DCB5	E6A59C
DCB6	E6A5B8
DCB7	E6A5AB
DCB8	E6A594
DCB9	E6A5BE
DCBA	E6A5AE
DCBB	E6A4B9
DCBC	E6A5B4
DCBD	E6A4BD
DCBE	E6A599
DCBF	E6A4B0
DCC0	E6A5A1
DCC1	E6A59E
DCC2	E6A59D
DCC3	E6A681
DCC4	E6A5AA
DCC5	E6A6B2
DCC6	E6A6AE
DCC7	E6A790
DCC8	E6A6BF
DCC9	E6A781
DCCA	E6A793
DCCB	E6A6BE
DCCC	E6A78E
DCCD	E5AFA8
DCCE	E6A78A
DCCF	E6A79D
DCD0	E6A6BB
DCD1	E6A783
DCD2	E6A6A7
DCD3	E6A8AE
DCD4	E6A691
DCD5	E6A6A0
DCD6	E6A69C
DCD7	E6A695
DCD8	E6A6B4
DCD9	E6A79E
DCDA	E6A7A8
DCDB	E6A882
DCDC	E6A89B
DCDD	E6A7BF
DCDE	E6AC8A
DCDF	E6A7B9
DCE0	E6A7B2
DCE1	E6A7A7
DCE2	E6A885
DCE3	E6A6B1
DCE4	E6A89E
DCE5	E6A7AD
DCE6	E6A894
DCE7	E6A7AB
DCE8	E6A88A
DCE9	E6A892
DCEA	E6AB81
DCEB	E6A8A3
DCEC	E6A893
DCED	E6A984
DCEE	E6A88C
DCEF	E6A9B2
DCF0	E6A8B6
DCF1	E6A9B8
DCF2	E6A987
DCF3	E6A9A2
DCF4	E6A999
DCF5	E6A9A6
DCF6	E6A988
DCF7	E6A8B8
DCF8	E6A8A2
DCF9	E6AA90
DCFA	E6AA8D
DCFB	E6AAA0
DCFC	E6AA84
DCFD	E6AAA2
DCFE	E6AAA3
DDA1	E6AA97
DDA2	E89897
DDA3	E6AABB
DDA4	E6AB83
DDA5	E6AB82
DDA6	E6AAB8
DDA7	E6AAB3
DDA8	E6AAAC
DDA9	E6AB9E
DDAA	E6AB91
DDAB	E6AB9F
DDAC	E6AAAA
DDAD	E6AB9A
DDAE	E6ABAA
DDAF	E6ABBB
DDB0	E6AC85
DDB1	E89896
DDB2	E6ABBA
DDB3	E6AC92
DDB4	E6AC96
DDB5	E9ACB1
DDB6	E6AC9F
DDB7	E6ACB8
DDB8	E6ACB7
DDB9	E79B9C
DDBA	E6ACB9
DDBB	E9A3AE
DDBC	E6AD87
DDBD	E6AD83
DDBE	E6AD89
DDBF	E6AD90
DDC0	E6AD99
DDC1	E6AD94
DDC2	E6AD9B
DDC3	E6AD9F
DDC4	E6ADA1
DDC5	E6ADB8
DDC6	E6ADB9
DDC7	E6ADBF
DDC8	E6AE80
DDC9	E6AE84
DDCA	E6AE83
DDCB	E6AE8D
DDCC	E6AE98
DDCD	E6AE95
DDCE	E6AE9E
DDCF	E6AEA4
DDD0	E6AEAA
DDD1	E6AEAB
DDD2	E6AEAF
DDD3	E6AEB2
DDD4	E6AEB1
DDD5	E6AEB3
DDD6	E6AEB7
DDD7	E6AEBC
DDD8	E6AF86
DDD9	E6AF8B
DDDA	E6AF93
DDDB	E6AF9F
DDDC	E6AFAC
DDDD	E6AFAB
DDDE	E6AFB3
DDDF	E6AFAF
DDE0	E9BABE
DDE1	E6B088
DDE2	E6B093
DDE3	E6B094
DDE4	E6B09B
DDE5	E6B0A4
DDE6	E6B0A3
DDE7	E6B19E
DDE8	E6B195
DDE9	E6B1A2
DDEA	E6B1AA
DDEB	E6B282
DDEC	E6B28D
DDED	E6B29A
DDEE	E6B281
DDEF	E6B29B
DDF0	E6B1BE
DDF1	E6B1A8
DDF2	E6B1B3
DDF3	E6B292
DDF4	E6B290
DDF5	E6B384
DDF6	E6B3B1
DDF7	E6B393
DDF8	E6B2BD
DDF9	E6B397
DDFA	E6B385
DDFB	E6B39D
DDFC	E6B2AE
DDFD	E6B2B1
DDFE	E6B2BE
DEA1	E6B2BA
DEA2	E6B39B
DEA3	E6B3AF
DEA4	E6B399
DEA5	E6B3AA
DEA6	E6B49F
DEA7	E8A18D
DEA8	E6B4B6
DEA9	E6B4AB
DEAA	E6B4BD
DEAB	E6B4B8
DEAC	E6B499
DEAD	E6B4B5
DEAE	E6B4B3
DEAF	E6B492
DEB0	E6B48C
DEB1	E6B5A3
DEB2	E6B693
DEB3	E6B5A4
DEB4	E6B59A
DEB5	E6B5B9
DEB6	E6B599
DEB7	E6B68E
DEB8	E6B695
DEB9	E6BFA4
DEBA	E6B685
DEBB	E6B7B9
DEBC	E6B895
DEBD	E6B88A
DEBE	E6B6B5
DEBF	E6B787
DEC0	E6B7A6
DEC1	E6B6B8
DEC2	E6B786
DEC3	E6B7AC
DEC4	E6B79E
DEC5	E6B78C
DEC6	E6B7A8
DEC7	E6B792
DEC8	E6B785
DEC9	E6B7BA
DECA	E6B799
DECB	E6B7A4
DECC	E6B795
DECD	E6B7AA
DECE	E6B7AE
DECF	E6B8AD
DED0	E6B9AE
DED1	E6B8AE
DED2	E6B899
DED3	E6B9B2
DED4	E6B99F
DED5	E6B8BE
DED6	E6B8A3
DED7	E6B9AB
DED8	E6B8AB
DED9	E6B9B6
DEDA	E6B98D
DEDB	E6B89F
DEDC	E6B983
DEDD	E6B8BA
DEDE	E6B98E
DEDF	E6B8A4
DEE0	E6BBBF
DEE1	E6B89D
DEE2	E6B8B8
DEE3	E6BA82
DEE4	E6BAAA
DEE5	E6BA98
DEE6	E6BB89
DEE7	E6BAB7
DEE8	E6BB93
DEE9	E6BABD
DEEA	E6BAAF
DEEB	E6BB84
DEEC	E6BAB2
DEED	E6BB94
DEEE	E6BB95
DEEF	E6BA8F
DEF0	E6BAA5
DEF1	E6BB82
DEF2	E6BA9F
DEF3	E6BD81
DEF4	E6BC91
DEF5	E7818C
DEF6	E6BBAC
DEF7	E6BBB8
DEF8	E6BBBE
DEF9	E6BCBF
DEFA	E6BBB2
DEFB	E6BCB1
DEFC	E6BBAF
DEFD	E6BCB2
DEFE	E6BB8C
DFA1	E6BCBE
DFA2	E6BC93
DFA3	E6BBB7
DFA4	E6BE86
DFA5	E6BDBA
DFA6	E6BDB8
DFA7	E6BE81
DFA8	E6BE80
DFA9	E6BDAF
DFAA	E6BD9B
DFAB	E6BFB3
DFAC	E6BDAD
DFAD	E6BE82
DFAE	E6BDBC
DFAF	E6BD98
DFB0	E6BE8E
DFB1	E6BE91
DFB2	E6BF82
DFB3	E6BDA6
DFB4	E6BEB3
DFB5	E6BEA3
DFB6	E6BEA1
DFB7	E6BEA4
DFB8	E6BEB9
DFB9	E6BF86
DFBA	E6BEAA
DFBB	E6BF9F
DFBC	E6BF95
DFBD	E6BFAC
DFBE	E6BF94
DFBF	E6BF98
DFC0	E6BFB1
DFC1	E6BFAE
DFC2	E6BF9B
DFC3	E78089
DFC4	E7808B
DFC5	E6BFBA
DFC6	E78091
DFC7	E78081
DFC8	E7808F
DFC9	E6BFBE
DFCA	E7809B
DFCB	E7809A
DFCC	E6BDB4
DFCD	E7809D
DFCE	E78098
DFCF	E7809F
DFD0	E780B0
DFD1	E780BE
DFD2	E780B2
DFD3	E78191
DFD4	E781A3
DFD5	E78299
DFD6	E78292
DFD7	E782AF
DFD8	E783B1
DFD9	E782AC
DFDA	E782B8
DFDB	E782B3
DFDC	E782AE
DFDD	E7839F
DFDE	E7838B
DFDF	E7839D
DFE0	E78399
DFE1	E78489
DFE2	E783BD
DFE3	E7849C
DFE4	E78499
DFE5	E785A5
DFE6	E78595
DFE7	E78688
DFE8	E785A6
DFE9	E785A2
DFEA	E7858C
DFEB	E78596
DFEC	E785AC
DFED	E7868F
DFEE	E787BB
DFEF	E78684
DFF0	E78695
DFF1	E786A8
DFF2	E786AC
DFF3	E78797
DFF4	E786B9
DFF5	E786BE
DFF6	E78792
DFF7	E78789
DFF8	E78794
DFF9	E7878E
DFFA	E787A0
DFFB	E787AC
DFFC	E787A7
DFFD	E787B5
DFFE	E787BC
E0A1	E787B9
E0A2	E787BF
E0A3	E7888D
E0A4	E78890
E0A5	E7889B
E0A6	E788A8
E0A7	E788AD
E0A8	E788AC
E0A9	E788B0
E0AA	E788B2
E0AB	E788BB
E0AC	E788BC
E0AD	E788BF
E0AE	E78980
E0AF	E78986
E0B0	E7898B
E0B1	E78998
E0B2	E789B4
E0B3	E789BE
E0B4	E78A82
E0B5	E78A81
E0B6	E78A87
E0B7	E78A92
E0B8	E78A96
E0B9	E78AA2
E0BA	E78AA7
E0BB	E78AB9
E0BC	E78AB2
E0BD	E78B83
E0BE	E78B86
E0BF	E78B84
E0C0	E78B8E
E0C1	E78B92
E0C2	E78BA2
E0C3	E78BA0
E0C4	E78BA1
E0C5	E78BB9
E0C6	E78BB7
E0C7	E5808F
E0C8	E78C97
E0C9	E78C8A
E0CA	E78C9C
E0CB	E78C96
E0CC	E78C9D
E0CD	E78CB4
E0CE	E78CAF
E0CF	E78CA9
E0D0	E78CA5
E0D1	E78CBE
E0D2	E78D8E
E0D3	E78D8F
E0D4	E9BB98
E0D5	E78D97
E0D6	E78DAA
E0D7	E78DA8
E0D8	E78DB0
E0D9	E78DB8
E0DA	E78DB5
E0DB	E78DBB
E0DC	E78DBA
E0DD	E78F88
E0DE	E78EB3
E0DF	E78F8E
E0E0	E78EBB
E0E1	E78F80
E0E2	E78FA5
E0E3	E78FAE
E0E4	E78F9E
E0E5	E792A2
E0E6	E79085
E0E7	E791AF
E0E8	E790A5
E0E9	E78FB8
E0EA	E790B2
E0EB	E790BA
E0EC	E79195
E0ED	E790BF
E0EE	E7919F
E0EF	E79199
E0F0	E79181
E0F1	E7919C
E0F2	E791A9
E0F3	E791B0
E0F4	E791A3
E0F5	E791AA
E0F6	E791B6
E0F7	E791BE
E0F8	E7928B
E0F9	E7929E
E0FA	E792A7
E0FB	E7938A
E0FC	E7938F
E0FD	E79394
E0FE	E78FB1
E1A1	E793A0
E1A2	E793A3
E1A3	E793A7
E1A4	E793A9
E1A5	E793AE
E1A6	E793B2
E1A7	E793B0
E1A8	E793B1
E1A9	E793B8
E1AA	E793B7
E1AB	E79484
E1AC	E79483
E1AD	E79485
E1AE	E7948C
E1AF	E7948E
E1B0	E7948D
E1B1	E79495
E1B2	E79493
E1B3	E7949E
E1B4	E794A6
E1B5	E794AC
E1B6	E794BC
E1B7	E79584
E1B8	E7958D
E1B9	E7958A
E1BA	E79589
E1BB	E7959B
E1BC	E79586
E1BD	E7959A
E1BE	E795A9
E1BF	E795A4
E1C0	E795A7
E1C1	E795AB
E1C2	E795AD
E1C3	E795B8
E1C4	E795B6
E1C5	E79686
E1C6	E79687
E1C7	E795B4
E1C8	E7968A
E1C9	E79689
E1CA	E79682
E1CB	E79694
E1CC	E7969A
E1CD	E7969D
E1CE	E796A5
E1CF	E796A3
E1D0	E79782
E1D1	E796B3
E1D2	E79783
E1D3	E796B5
E1D4	E796BD
E1D5	E796B8
E1D6	E796BC
E1D7	E796B1
E1D8	E7978D
E1D9	E7978A
E1DA	E79792
E1DB	E79799
E1DC	E797A3
E1DD	E7979E
E1DE	E797BE
E1DF	E797BF
E1E0	E797BC
E1E1	E79881
E1E2	E797B0
E1E3	E797BA
E1E4	E797B2
E1E5	E797B3
E1E6	E7988B
E1E7	E7988D
E1E8	E79889
E1E9	E7989F
E1EA	E798A7
E1EB	E798A0
E1EC	E798A1
E1ED	E798A2
E1EE	E798A4
E1EF	E798B4
E1F0	E798B0
E1F1	E798BB
E1F2	E79987
E1F3	E79988
E1F4	E79986
E1F5	E7999C
E1F6	E79998
E1F7	E799A1
E1F8	E799A2
E1F9	E799A8
E1FA	E799A9
E1FB	E799AA
E1FC	E799A7
E1FD	E799AC
E1FE	E799B0
E2A1	E799B2
E2A2	E799B6
E2A3	E799B8
E2A4	E799BC
E2A5	E79A80
E2A6	E79A83
E2A7	E79A88
E2A8	E79A8B
E2A9	E79A8E
E2AA	E79A96
E2AB	E79A93
E2AC	E79A99
E2AD	E79A9A
E2AE	E79AB0
E2AF	E79AB4
E2B0	E79AB8
E2B1	E79AB9
E2B2	E79ABA
E2B3	E79B82
E2B4	E79B8D
E2B5	E79B96
E2B6	E79B92
E2B7	E79B9E
E2B8	E79BA1
E2B9	E79BA5
E2BA	E79BA7
E2BB	E79BAA
E2BC	E898AF
E2BD	E79BBB
E2BE	E79C88
E2BF	E79C87
E2C0	E79C84
E2C1	E79CA9
E2C2	E79CA4
E2C3	E79C9E
E2C4	E79CA5
E2C5	E79CA6
E2C6	E79C9B
E2C7	E79CB7
E2C8	E79CB8
E2C9	E79D87
E2CA	E79D9A
E2CB	E79DA8
E2CC	E79DAB
E2CD	E79D9B
E2CE	E79DA5
E2CF	E79DBF
E2D0	E79DBE
E2D1	E79DB9
E2D2	E79E8E
E2D3	E79E8B
E2D4	E79E91
E2D5	E79EA0
E2D6	E79E9E
E2D7	E79EB0
E2D8	E79EB6
E2D9	E79EB9
E2DA	E79EBF
E2DB	E79EBC
E2DC	E79EBD
E2DD	E79EBB
E2DE	E79F87
E2DF	E79F8D
E2E0	E79F97
E2E1	E79F9A
E2E2	E79F9C
E2E3	E79FA3
E2E4	E79FAE
E2E5	E79FBC
E2E6	E7A08C
E2E7	E7A092
E2E8	E7A4A6
E2E9	E7A0A0
E2EA	E7A4AA
E2EB	E7A185
E2EC	E7A28E
E2ED	E7A1B4
E2EE	E7A286
E2EF	E7A1BC
E2F0	E7A29A
E2F1	E7A28C
E2F2	E7A2A3
E2F3	E7A2B5
E2F4	E7A2AA
E2F5	E7A2AF
E2F6	E7A391
E2F7	E7A386
E2F8	E7A38B
E2F9	E7A394
E2FA	E7A2BE
E2FB	E7A2BC
E2FC	E7A385
E2FD	E7A38A
E2FE	E7A3AC
E3A1	E7A3A7
E3A2	E7A39A
E3A3	E7A3BD
E3A4	E7A3B4
E3A5	E7A487
E3A6	E7A492
E3A7	E7A491
E3A8	E7A499
E3A9	E7A4AC
E3AA	E7A4AB
E3AB	E7A580
E3AC	E7A5A0
E3AD	E7A597
E3AE	E7A59F
E3AF	E7A59A
E3B0	E7A595
E3B1	E7A593
E3B2	E7A5BA
E3B3	E7A5BF
E3B4	E7A68A
E3B5	E7A69D
E3B6	E7A6A7
E3B7	E9BD8B
E3B8	E7A6AA
E3B9	E7A6AE
E3BA	E7A6B3
E3BB	E7A6B9
E3BC	E7A6BA
E3BD	E7A789
E3BE	E7A795
E3BF	E7A7A7
E3C0	E7A7AC
E3C1	E7A7A1
E3C2	E7A7A3
E3C3	E7A888
E3C4	E7A88D
E3C5	E7A898
E3C6	E7A899
E3C7	E7A8A0
E3C8	E7A89F
E3C9	E7A680
E3CA	E7A8B1
E3CB	E7A8BB
E3CC	E7A8BE
E3CD	E7A8B7
E3CE	E7A983
E3CF	E7A997
E3D0	E7A989
E3D1	E7A9A1
E3D2	E7A9A2
E3D3	E7A9A9
E3D4	E9BE9D
E3D5	E7A9B0
E3D6	E7A9B9
E3D7	E7A9BD
E3D8	E7AA88
E3D9	E7AA97
E3DA	E7AA95
E3DB	E7AA98
E3DC	E7AA96
E3DD	E7AAA9
E3DE	E7AB88
E3DF	E7AAB0
E3E0	E7AAB6
E3E1	E7AB85
E3E2	E7AB84
E3E3	E7AABF
E3E4	E98283
E3E5	E7AB87
E3E6	E7AB8A
E3E7	E7AB8D
E3E8	E7AB8F
E3E9	E7AB95
E3EA	E7AB93
E3EB	E7AB99
E3EC	E7AB9A
E3ED	E7AB9D
E3EE	E7ABA1
E3EF	E7ABA2
E3F0	E7ABA6
E3F1	E7ABAD
E3F2	E7ABB0
E3F3	E7AC82
E3F4	E7AC8F
E3F5	E7AC8A
E3F6	E7AC86
E3F7	E7ACB3
E3F8	E7AC98
E3F9	E7AC99
E3FA	E7AC9E
E3FB	E7ACB5
E3FC	E7ACA8
E3FD	E7ACB6
E3FE	E7AD90
E4A1	E7ADBA
E4A2	E7AC84
E4A3	E7AD8D
E4A4	E7AC8B
E4A5	E7AD8C
E4A6	E7AD85
E4A7	E7ADB5
E4A8	E7ADA5
E4A9	E7ADB4
E4AA	E7ADA7
E4AB	E7ADB0
E4AC	E7ADB1
E4AD	E7ADAC
E4AE	E7ADAE
E4AF	E7AE9D
E4B0	E7AE98
E4B1	E7AE9F
E4B2	E7AE8D
E4B3	E7AE9C
E4B4	E7AE9A
E4B5	E7AE8B
E4B6	E7AE92
E4B7	E7AE8F
E4B8	E7AD9D
E4B9	E7AE99
E4BA	E7AF8B
E4BB	E7AF81
E4BC	E7AF8C
E4BD	E7AF8F
E4BE	E7AEB4
E4BF	E7AF86
E4C0	E7AF9D
E4C1	E7AFA9
E4C2	E7B091
E4C3	E7B094
E4C4	E7AFA6
E4C5	E7AFA5
E4C6	E7B1A0
E4C7	E7B080
E4C8	E7B087
E4C9	E7B093
E4CA	E7AFB3
E4CB	E7AFB7
E4CC	E7B097
E4CD	E7B08D
E4CE	E7AFB6
E4CF	E7B0A3
E4D0	E7B0A7
E4D1	E7B0AA
E4D2	E7B09F
E4D3	E7B0B7
E4D4	E7B0AB
E4D5	E7B0BD
E4D6	E7B18C
E4D7	E7B183
E4D8	E7B194
E4D9	E7B18F
E4DA	E7B180
E4DB	E7B190
E4DC	E7B198
E4DD	E7B19F
E4DE	E7B1A4
E4DF	E7B196
E4E0	E7B1A5
E4E1	E7B1AC
E4E2	E7B1B5
E4E3	E7B283
E4E4	E7B290
E4E5	E7B2A4
E4E6	E7B2AD
E4E7	E7B2A2
E4E8	E7B2AB
E4E9	E7B2A1
E4EA	E7B2A8
E4EB	E7B2B3
E4EC	E7B2B2
E4ED	E7B2B1
E4EE	E7B2AE
E4EF	E7B2B9
E4F0	E7B2BD
E4F1	E7B380
E4F2	E7B385
E4F3	E7B382
E4F4	E7B398
E4F5	E7B392
E4F6	E7B39C
E4F7	E7B3A2
E4F8	E9ACBB
E4F9	E7B3AF
E4FA	E7B3B2
E4FB	E7B3B4
E4FC	E7B3B6
E4FD	E7B3BA
E4FE	E7B486
E5A1	E7B482
E5A2	E7B49C
E5A3	E7B495
E5A4	E7B48A
E5A5	E7B585
E5A6	E7B58B
E5A7	E7B4AE
E5A8	E7B4B2
E5A9	E7B4BF
E5AA	E7B4B5
E5AB	E7B586
E5AC	E7B5B3
E5AD	E7B596
E5AE	E7B58E
E5AF	E7B5B2
E5B0	E7B5A8
E5B1	E7B5AE
E5B2	E7B58F
E5B3	E7B5A3
E5B4	E7B693
E5B5	E7B689
E5B6	E7B59B
E5B7	E7B68F
E5B8	E7B5BD
E5B9	E7B69B
E5BA	E7B6BA
E5BB	E7B6AE
E5BC	E7B6A3
E5BD	E7B6B5
E5BE	E7B787
E5BF	E7B6BD
E5C0	E7B6AB
E5C1	E7B8BD
E5C2	E7B6A2
E5C3	E7B6AF
E5C4	E7B79C
E5C5	E7B6B8
E5C6	E7B69F
E5C7	E7B6B0
E5C8	E7B798
E5C9	E7B79D
E5CA	E7B7A4
E5CB	E7B79E
E5CC	E7B7BB
E5CD	E7B7B2
E5CE	E7B7A1
E5CF	E7B885
E5D0	E7B88A
E5D1	E7B8A3
E5D2	E7B8A1
E5D3	E7B892
E5D4	E7B8B1
E5D5	E7B89F
E5D6	E7B889
E5D7	E7B88B
E5D8	E7B8A2
E5D9	E7B986
E5DA	E7B9A6
E5DB	E7B8BB
E5DC	E7B8B5
E5DD	E7B8B9
E5DE	E7B983
E5DF	E7B8B7
E5E0	E7B8B2
E5E1	E7B8BA
E5E2	E7B9A7
E5E3	E7B99D
E5E4	E7B996
E5E5	E7B99E
E5E6	E7B999
E5E7	E7B99A
E5E8	E7B9B9
E5E9	E7B9AA
E5EA	E7B9A9
E5EB	E7B9BC
E5EC	E7B9BB
E5ED	E7BA83
E5EE	E7B795
E5EF	E7B9BD
E5F0	E8BEAE
E5F1	E7B9BF
E5F2	E7BA88
E5F3	E7BA89
E5F4	E7BA8C
E5F5	E7BA92
E5F6	E7BA90
E5F7	E7BA93
E5F8	E7BA94
E5F9	E7BA96
E5FA	E7BA8E
E5FB	E7BA9B
E5FC	E7BA9C
E5FD	E7BCB8
E5FE	E7BCBA
E6A1	E7BD85
E6A2	E7BD8C
E6A3	E7BD8D
E6A4	E7BD8E
E6A5	E7BD90
E6A6	E7BD91
E6A7	E7BD95
E6A8	E7BD94
E6A9	E7BD98
E6AA	E7BD9F
E6AB	E7BDA0
E6AC	E7BDA8
E6AD	E7BDA9
E6AE	E7BDA7
E6AF	E7BDB8
E6B0	E7BE82
E6B1	E7BE86
E6B2	E7BE83
E6B3	E7BE88
E6B4	E7BE87
E6B5	E7BE8C
E6B6	E7BE94
E6B7	E7BE9E
E6B8	E7BE9D
E6B9	E7BE9A
E6BA	E7BEA3
E6BB	E7BEAF
E6BC	E7BEB2
E6BD	E7BEB9
E6BE	E7BEAE
E6BF	E7BEB6
E6C0	E7BEB8
E6C1	E8ADB1
E6C2	E7BF85
E6C3	E7BF86
E6C4	E7BF8A
E6C5	E7BF95
E6C6	E7BF94
E6C7	E7BFA1
E6C8	E7BFA6
E6C9	E7BFA9
E6CA	E7BFB3
E6CB	E7BFB9
E6CC	E9A39C
E6CD	E88086
E6CE	E88084
E6CF	E8808B
E6D0	E88092
E6D1	E88098
E6D2	E88099
E6D3	E8809C
E6D4	E880A1
E6D5	E880A8
E6D6	E880BF
E6D7	E880BB
E6D8	E8818A
E6D9	E88186
E6DA	E88192
E6DB	E88198
E6DC	E8819A
E6DD	E8819F
E6DE	E881A2
E6DF	E881A8
E6E0	E881B3
E6E1	E881B2
E6E2	E881B0
E6E3	E881B6
E6E4	E881B9
E6E5	E881BD
E6E6	E881BF
E6E7	E88284
E6E8	E88286
E6E9	E88285
E6EA	E8829B
E6EB	E88293
E6EC	E8829A
E6ED	E882AD
E6EE	E58690
E6EF	E882AC
E6F0	E8839B
E6F1	E883A5
E6F2	E88399
E6F3	E8839D
E6F4	E88384
E6F5	E8839A
E6F6	E88396
E6F7	E88489
E6F8	E883AF
E6F9	E883B1
E6FA	E8849B
E6FB	E884A9
E6FC	E884A3
E6FD	E884AF
E6FE	E8858B
E7A1	E99A8B
E7A2	E88586
E7A3	E884BE
E7A4	E88593
E7A5	E88591
E7A6	E883BC
E7A7	E885B1
E7A8	E885AE
E7A9	E885A5
E7AA	E885A6
E7AB	E885B4
E7AC	E88683
E7AD	E88688
E7AE	E8868A
E7AF	E88680
E7B0	E88682
E7B1	E886A0
E7B2	E88695
E7B3	E886A4
E7B4	E886A3
E7B5	E8859F
E7B6	E88693
E7B7	E886A9
E7B8	E886B0
E7B9	E886B5
E7BA	E886BE
E7BB	E886B8
E7BC	E886BD
E7BD	E88780
E7BE	E88782
E7BF	E886BA
E7C0	E88789
E7C1	E8878D
E7C2	E88791
E7C3	E88799
E7C4	E88798
E7C5	E88788
E7C6	E8879A
E7C7	E8879F
E7C8	E887A0
E7C9	E887A7
E7CA	E887BA
E7CB	E887BB
E7CC	E887BE
E7CD	E88881
E7CE	E88882
E7CF	E88885
E7D0	E88887
E7D1	E8888A
E7D2	E8888D
E7D3	E88890
E7D4	E88896
E7D5	E888A9
E7D6	E888AB
E7D7	E888B8
E7D8	E888B3
E7D9	E88980
E7DA	E88999
E7DB	E88998
E7DC	E8899D
E7DD	E8899A
E7DE	E8899F
E7DF	E889A4
E7E0	E889A2
E7E1	E889A8
E7E2	E889AA
E7E3	E889AB
E7E4	E888AE
E7E5	E889B1
E7E6	E889B7
E7E7	E889B8
E7E8	E889BE
E7E9	E88A8D
E7EA	E88A92
E7EB	E88AAB
E7EC	E88A9F
E7ED	E88ABB
E7EE	E88AAC
E7EF	E88BA1
E7F0	E88BA3
E7F1	E88B9F
E7F2	E88B92
E7F3	E88BB4
E7F4	E88BB3
E7F5	E88BBA
E7F6	E88E93
E7F7	E88C83
E7F8	E88BBB
E7F9	E88BB9
E7FA	E88B9E
E7FB	E88C86
E7FC	E88B9C
E7FD	E88C89
E7FE	E88B99
E8A1	E88CB5
E8A2	E88CB4
E8A3	E88C96
E8A4	E88CB2
E8A5	E88CB1
E8A6	E88D80
E8A7	E88CB9
E8A8	E88D90
E8A9	E88D85
E8AA	E88CAF
E8AB	E88CAB
E8AC	E88C97
E8AD	E88C98
E8AE	E88E85
E8AF	E88E9A
E8B0	E88EAA
E8B1	E88E9F
E8B2	E88EA2
E8B3	E88E96
E8B4	E88CA3
E8B5	E88E8E
E8B6	E88E87
E8B7	E88E8A
E8B8	E88DBC
E8B9	E88EB5
E8BA	E88DB3
E8BB	E88DB5
E8BC	E88EA0
E8BD	E88E89
E8BE	E88EA8
E8BF	E88FB4
E8C0	E89093
E8C1	E88FAB
E8C2	E88F8E
E8C3	E88FBD
E8C4	E89083
E8C5	E88F98
E8C6	E8908B
E8C7	E88F81
E8C8	E88FB7
E8C9	E89087
E8CA	E88FA0
E8CB	E88FB2
E8CC	E8908D
E8CD	E890A2
E8CE	E890A0
E8CF	E88EBD
E8D0	E890B8
E8D1	E89486
E8D2	E88FBB
E8D3	E891AD
E8D4	E890AA
E8D5	E890BC
E8D6	E8959A
E8D7	E89284
E8D8	E891B7
E8D9	E891AB
E8DA	E892AD
E8DB	E891AE
E8DC	E89282
E8DD	E891A9
E8DE	E89186
E8DF	E890AC
E8E0	E891AF
E8E1	E891B9
E8E2	E890B5
E8E3	E8938A
E8E4	E891A2
E8E5	E892B9
E8E6	E892BF
E8E7	E8929F
E8E8	E89399
E8E9	E8938D
E8EA	E892BB
E8EB	E8939A
E8EC	E89390
E8ED	E89381
E8EE	E89386
E8EF	E89396
E8F0	E892A1
E8F1	E894A1
E8F2	E893BF
E8F3	E893B4
E8F4	E89497
E8F5	E89498
E8F6	E894AC
E8F7	E8949F
E8F8	E89495
E8F9	E89494
E8FA	E893BC
E8FB	E89580
E8FC	E895A3
E8FD	E89598
E8FE	E89588
E9A1	E89581
E9A2	E89882
E9A3	E8958B
E9A4	E89595
E9A5	E89680
E9A6	E896A4
E9A7	E89688
E9A8	E89691
E9A9	E8968A
E9AA	E896A8
E9AB	E895AD
E9AC	E89694
E9AD	E8969B
E9AE	E897AA
E9AF	E89687
E9B0	E8969C
E9B1	E895B7
E9B2	E895BE
E9B3	E89690
E9B4	E89789
E9B5	E896BA
E9B6	E8978F
E9B7	E896B9
E9B8	E89790
E9B9	E89795
E9BA	E8979D
E9BB	E897A5
E9BC	E8979C
E9BD	E897B9
E9BE	E8988A
E9BF	E89893
E9C0	E8988B
E9C1	E897BE
E9C2	E897BA
E9C3	E89886
E9C4	E898A2
E9C5	E8989A
E9C6	E898B0
E9C7	E898BF
E9C8	E8998D
E9C9	E4B995
E9CA	E89994
E9CB	E8999F
E9CC	E899A7
E9CD	E899B1
E9CE	E89A93
E9CF	E89AA3
E9D0	E89AA9
E9D1	E89AAA
E9D2	E89A8B
E9D3	E89A8C
E9D4	E89AB6
E9D5	E89AAF
E9D6	E89B84
E9D7	E89B86
E9D8	E89AB0
E9D9	E89B89
E9DA	E8A0A3
E9DB	E89AAB
E9DC	E89B94
E9DD	E89B9E
E9DE	E89BA9
E9DF	E89BAC
E9E0	E89B9F
E9E1	E89B9B
E9E2	E89BAF
E9E3	E89C92
E9E4	E89C86
E9E5	E89C88
E9E6	E89C80
E9E7	E89C83
E9E8	E89BBB
E9E9	E89C91
E9EA	E89C89
E9EB	E89C8D
E9EC	E89BB9
E9ED	E89C8A
E9EE	E89CB4
E9EF	E89CBF
E9F0	E89CB7
E9F1	E89CBB
E9F2	E89CA5
E9F3	E89CA9
E9F4	E89C9A
E9F5	E89DA0
E9F6	E89D9F
E9F7	E89DB8
E9F8	E89D8C
E9F9	E89D8E
E9FA	E89DB4
E9FB	E89D97
E9FC	E89DA8
E9FD	E89DAE
E9FE	E89D99
EAA1	E89D93
EAA2	E89DA3
EAA3	E89DAA
EAA4	E8A085
EAA5	E89EA2
EAA6	E89E9F
EAA7	E89E82
EAA8	E89EAF
EAA9	E89F8B
EAAA	E89EBD
EAAB	E89F80
EAAC	E89F90
EAAD	E99B96
EAAE	E89EAB
EAAF	E89F84
EAB0	E89EB3
EAB1	E89F87
EAB2	E89F86
EAB3	E89EBB
EAB4	E89FAF
EAB5	E89FB2
EAB6	E89FA0
EAB7	E8A08F
EAB8	E8A08D
EAB9	E89FBE
EABA	E89FB6
EABB	E89FB7
EABC	E8A08E
EABD	E89F92
EABE	E8A091
EABF	E8A096
EAC0	E8A095
EAC1	E8A0A2
EAC2	E8A0A1
EAC3	E8A0B1
EAC4	E8A0B6
EAC5	E8A0B9
EAC6	E8A0A7
EAC7	E8A0BB
EAC8	E8A184
EAC9	E8A182
EACA	E8A192
EACB	E8A199
EACC	E8A19E
EACD	E8A1A2
EACE	E8A1AB
EACF	E8A281
EAD0	E8A1BE
EAD1	E8A29E
EAD2	E8A1B5
EAD3	E8A1BD
EAD4	E8A2B5
EAD5	E8A1B2
EAD6	E8A282
EAD7	E8A297
EAD8	E8A292
EAD9	E8A2AE
EADA	E8A299
EADB	E8A2A2
EADC	E8A28D
EADD	E8A2A4
EADE	E8A2B0
EADF	E8A2BF
EAE0	E8A2B1
EAE1	E8A383
EAE2	E8A384
EAE3	E8A394
EAE4	E8A398
EAE5	E8A399
EAE6	E8A39D
EAE7	E8A3B9
EAE8	E8A482
EAE9	E8A3BC
EAEA	E8A3B4
EAEB	E8A3A8
EAEC	E8A3B2
EAED	E8A484
EAEE	E8A48C
EAEF	E8A48A
EAF0	E8A493
EAF1	E8A583
EAF2	E8A49E
EAF3	E8A4A5
EAF4	E8A4AA
EAF5	E8A4AB
EAF6	E8A581
EAF7	E8A584
EAF8	E8A4BB
EAF9	E8A4B6
EAFA	E8A4B8
EAFB	E8A58C
EAFC	E8A49D
EAFD	E8A5A0
EAFE	E8A59E
EBA1	E8A5A6
EBA2	E8A5A4
EBA3	E8A5AD
EBA4	E8A5AA
EBA5	E8A5AF
EBA6	E8A5B4
EBA7	E8A5B7
EBA8	E8A5BE
EBA9	E8A683
EBAA	E8A688
EBAB	E8A68A
EBAC	E8A693
EBAD	E8A698
EBAE	E8A6A1
EBAF	E8A6A9
EBB0	E8A6A6
EBB1	E8A6AC
EBB2	E8A6AF
EBB3	E8A6B2
EBB4	E8A6BA
EBB5	E8A6BD
EBB6	E8A6BF
EBB7	E8A780
EBB8	E8A79A
EBB9	E8A79C
EBBA	E8A79D
EBBB	E8A7A7
EBBC	E8A7B4
EBBD	E8A7B8
EBBE	E8A883
EBBF	E8A896
EBC0	E8A890
EBC1	E8A88C
EBC2	E8A89B
EBC3	E8A89D
EBC4	E8A8A5
EBC5	E8A8B6
EBC6	E8A981
EBC7	E8A99B
EBC8	E8A992
EBC9	E8A986
EBCA	E8A988
EBCB	E8A9BC
EBCC	E8A9AD
EBCD	E8A9AC
EBCE	E8A9A2
EBCF	E8AA85
EBD0	E8AA82
EBD1	E8AA84
EBD2	E8AAA8
EBD3	E8AAA1
EBD4	E8AA91
EBD5	E8AAA5
EBD6	E8AAA6
EBD7	E8AA9A
EBD8	E8AAA3
EBD9	E8AB84
EBDA	E8AB8D
EBDB	E8AB82
EBDC	E8AB9A
EBDD	E8ABAB
EBDE	E8ABB3
EBDF	E8ABA7
EBE0	E8ABA4
EBE1	E8ABB1
EBE2	E8AC94
EBE3	E8ABA0
EBE4	E8ABA2
EBE5	E8ABB7
EBE6	E8AB9E
EBE7	E8AB9B
EBE8	E8AC8C
EBE9	E8AC87
EBEA	E8AC9A
EBEB	E8ABA1
EBEC	E8AC96
EBED	E8AC90
EBEE	E8AC97
EBEF	E8ACA0
EBF0	E8ACB3
EBF1	E99EAB
EBF2	E8ACA6
EBF3	E8ACAB
EBF4	E8ACBE
EBF5	E8ACA8
EBF6	E8AD81
EBF7	E8AD8C
EBF8	E8AD8F
EBF9	E8AD8E
EBFA	E8AD89
EBFB	E8AD96
EBFC	E8AD9B
EBFD	E8AD9A
EBFE	E8ADAB
ECA1	E8AD9F
ECA2	E8ADAC
ECA3	E8ADAF
ECA4	E8ADB4
ECA5	E8ADBD
ECA6	E8AE80
ECA7	E8AE8C
ECA8	E8AE8E
ECA9	E8AE92
ECAA	E8AE93
ECAB	E8AE96
ECAC	E8AE99
ECAD	E8AE9A
ECAE	E8B0BA
ECAF	E8B181
ECB0	E8B0BF
ECB1	E8B188
ECB2	E8B18C
ECB3	E8B18E
ECB4	E8B190
ECB5	E8B195
ECB6	E8B1A2
ECB7	E8B1AC
ECB8	E8B1B8
ECB9	E8B1BA
ECBA	E8B282
ECBB	E8B289
ECBC	E8B285
ECBD	E8B28A
ECBE	E8B28D
ECBF	E8B28E
ECC0	E8B294
ECC1	E8B1BC
ECC2	E8B298
ECC3	E6889D
ECC4	E8B2AD
ECC5	E8B2AA
ECC6	E8B2BD
ECC7	E8B2B2
ECC8	E8B2B3
ECC9	E8B2AE
ECCA	E8B2B6
ECCB	E8B388
ECCC	E8B381
ECCD	E8B3A4
ECCE	E8B3A3
ECCF	E8B39A
ECD0	E8B3BD
ECD1	E8B3BA
ECD2	E8B3BB
ECD3	E8B484
ECD4	E8B485
ECD5	E8B48A
ECD6	E8B487
ECD7	E8B48F
ECD8	E8B48D
ECD9	E8B490
ECDA	E9BD8E
ECDB	E8B493
ECDC	E8B38D
ECDD	E8B494
ECDE	E8B496
ECDF	E8B5A7
ECE0	E8B5AD
ECE1	E8B5B1
ECE2	E8B5B3
ECE3	E8B681
ECE4	E8B699
ECE5	E8B782
ECE6	E8B6BE
ECE7	E8B6BA
ECE8	E8B78F
ECE9	E8B79A
ECEA	E8B796
ECEB	E8B78C
ECEC	E8B79B
ECED	E8B78B
ECEE	E8B7AA
ECEF	E8B7AB
ECF0	E8B79F
ECF1	E8B7A3
ECF2	E8B7BC
ECF3	E8B888
ECF4	E8B889
ECF5	E8B7BF
ECF6	E8B89D
ECF7	E8B89E
ECF8	E8B890
ECF9	E8B89F
ECFA	E8B982
ECFB	E8B8B5
ECFC	E8B8B0
ECFD	E8B8B4
ECFE	E8B98A
EDA1	E8B987
EDA2	E8B989
EDA3	E8B98C
EDA4	E8B990
EDA5	E8B988
EDA6	E8B999
EDA7	E8B9A4
EDA8	E8B9A0
EDA9	E8B8AA
EDAA	E8B9A3
EDAB	E8B995
EDAC	E8B9B6
EDAD	E8B9B2
EDAE	E8B9BC
EDAF	E8BA81
EDB0	E8BA87
EDB1	E8BA85
EDB2	E8BA84
EDB3	E8BA8B
EDB4	E8BA8A
EDB5	E8BA93
EDB6	E8BA91
EDB7	E8BA94
EDB8	E8BA99
EDB9	E8BAAA
EDBA	E8BAA1
EDBB	E8BAAC
EDBC	E8BAB0
EDBD	E8BB86
EDBE	E8BAB1
EDBF	E8BABE
EDC0	E8BB85
EDC1	E8BB88
EDC2	E8BB8B
EDC3	E8BB9B
EDC4	E8BBA3
EDC5	E8BBBC
EDC6	E8BBBB
EDC7	E8BBAB
EDC8	E8BBBE
EDC9	E8BC8A
EDCA	E8BC85
EDCB	E8BC95
EDCC	E8BC92
EDCD	E8BC99
EDCE	E8BC93
EDCF	E8BC9C
EDD0	E8BC9F
EDD1	E8BC9B
EDD2	E8BC8C
EDD3	E8BCA6
EDD4	E8BCB3
EDD5	E8BCBB
EDD6	E8BCB9
EDD7	E8BD85
EDD8	E8BD82
EDD9	E8BCBE
EDDA	E8BD8C
EDDB	E8BD89
EDDC	E8BD86
EDDD	E8BD8E
EDDE	E8BD97
EDDF	E8BD9C
EDE0	E8BDA2
EDE1	E8BDA3
EDE2	E8BDA4
EDE3	E8BE9C
EDE4	E8BE9F
EDE5	E8BEA3
EDE6	E8BEAD
EDE7	E8BEAF
EDE8	E8BEB7
EDE9	E8BF9A
EDEA	E8BFA5
EDEB	E8BFA2
EDEC	E8BFAA
EDED	E8BFAF
EDEE	E98287
EDEF	E8BFB4
EDF0	E98085
EDF1	E8BFB9
EDF2	E8BFBA
EDF3	E98091
EDF4	E98095
EDF5	E980A1
EDF6	E9808D
EDF7	E9809E
EDF8	E98096
EDF9	E9808B
EDFA	E980A7
EDFB	E980B6
EDFC	E980B5
EDFD	E980B9
EDFE	E8BFB8
EEA1	E9818F
EEA2	E98190
EEA3	E98191
EEA4	E98192
EEA5	E9808E
EEA6	E98189
EEA7	E980BE
EEA8	E98196
EEA9	E98198
EEAA	E9819E
EEAB	E981A8
EEAC	E981AF
EEAD	E981B6
EEAE	E99AA8
EEAF	E981B2
EEB0	E98282
EEB1	E981BD
EEB2	E98281
EEB3	E98280
EEB4	E9828A
EEB5	E98289
EEB6	E9828F
EEB7	E982A8
EEB8	E982AF
EEB9	E982B1
EEBA	E982B5
EEBB	E983A2
EEBC	E983A4
EEBD	E68988
EEBE	E9839B
EEBF	E98482
EEC0	E98492
EEC1	E98499
EEC2	E984B2
EEC3	E984B0
EEC4	E9858A
EEC5	E98596
EEC6	E98598
EEC7	E985A3
EEC8	E985A5
EEC9	E985A9
EECA	E985B3
EECB	E985B2
EECC	E9868B
EECD	E98689
EECE	E98682
EECF	E986A2
EED0	E986AB
EED1	E986AF
EED2	E986AA
EED3	E986B5
EED4	E986B4
EED5	E986BA
EED6	E98780
EED7	E98781
EED8	E98789
EED9	E9878B
EEDA	E98790
EEDB	E98796
EEDC	E9879F
EEDD	E987A1
EEDE	E9879B
EEDF	E987BC
EEE0	E987B5
EEE1	E987B6
EEE2	E9889E
EEE3	E987BF
EEE4	E98894
EEE5	E988AC
EEE6	E98895
EEE7	E98891
EEE8	E9899E
EEE9	E98997
EEEA	E98985
EEEB	E98989
EEEC	E989A4
EEED	E98988
EEEE	E98A95
EEEF	E988BF
EEF0	E9898B
EEF1	E98990
EEF2	E98A9C
EEF3	E98A96
EEF4	E98A93
EEF5	E98A9B
EEF6	E9899A
EEF7	E98B8F
EEF8	E98AB9
EEF9	E98AB7
EEFA	E98BA9
EEFB	E98C8F
EEFC	E98BBA
EEFD	E98D84
EEFE	E98CAE
EFA1	E98C99
EFA2	E98CA2
EFA3	E98C9A
EFA4	E98CA3
EFA5	E98CBA
EFA6	E98CB5
EFA7	E98CBB
EFA8	E98D9C
EFA9	E98DA0
EFAA	E98DBC
EFAB	E98DAE
EFAC	E98D96
EFAD	E98EB0
EFAE	E98EAC
EFAF	E98EAD
EFB0	E98E94
EFB1	E98EB9
EFB2	E98F96
EFB3	E98F97
EFB4	E98FA8
EFB5	E98FA5
EFB6	E98F98
EFB7	E98F83
EFB8	E98F9D
EFB9	E98F90
EFBA	E98F88
EFBB	E98FA4
EFBC	E9909A
EFBD	E99094
EFBE	E99093
EFBF	E99083
EFC0	E99087
EFC1	E99090
EFC2	E990B6
EFC3	E990AB
EFC4	E990B5
EFC5	E990A1
EFC6	E990BA
EFC7	E99181
EFC8	E99192
EFC9	E99184
EFCA	E9919B
EFCB	E991A0
EFCC	E991A2
EFCD	E9919E
EFCE	E991AA
EFCF	E988A9
EFD0	E991B0
EFD1	E991B5
EFD2	E991B7
EFD3	E991BD
EFD4	E9919A
EFD5	E991BC
EFD6	E991BE
EFD7	E99281
EFD8	E991BF
EFD9	E99682
EFDA	E99687
EFDB	E9968A
EFDC	E99694
EFDD	E99696
EFDE	E99698
EFDF	E99699
EFE0	E996A0
EFE1	E996A8
EFE2	E996A7
EFE3	E996AD
EFE4	E996BC
EFE5	E996BB
EFE6	E996B9
EFE7	E996BE
EFE8	E9978A
EFE9	E6BFB6
EFEA	E99783
EFEB	E9978D
EFEC	E9978C
EFED	E99795
EFEE	E99794
EFEF	E99796
EFF0	E9979C
EFF1	E997A1
EFF2	E997A5
EFF3	E997A2
EFF4	E998A1
EFF5	E998A8
EFF6	E998AE
EFF7	E998AF
EFF8	E99982
EFF9	E9998C
EFFA	E9998F
EFFB	E9998B
EFFC	E999B7
EFFD	E9999C
EFFE	E9999E
F0A1	E9999D
F0A2	E9999F
F0A3	E999A6
F0A4	E999B2
F0A5	E999AC
F0A6	E99A8D
F0A7	E99A98
F0A8	E99A95
F0A9	E99A97
F0AA	E99AAA
F0AB	E99AA7
F0AC	E99AB1
F0AD	E99AB2
F0AE	E99AB0
F0AF	E99AB4
F0B0	E99AB6
F0B1	E99AB8
F0B2	E99AB9
F0B3	E99B8E
F0B4	E99B8B
F0B5	E99B89
F0B6	E99B8D
F0B7	E8A58D
F0B8	E99B9C
F0B9	E99C8D
F0BA	E99B95
F0BB	E99BB9
F0BC	E99C84
F0BD	E99C86
F0BE	E99C88
F0BF	E99C93
F0C0	E99C8E
F0C1	E99C91
F0C2	E99C8F
F0C3	E99C96
F0C4	E99C99
F0C5	E99CA4
F0C6	E99CAA
F0C7	E99CB0
F0C8	E99CB9
F0C9	E99CBD
F0CA	E99CBE
F0CB	E99D84
F0CC	E99D86
F0CD	E99D88
F0CE	E99D82
F0CF	E99D89
F0D0	E99D9C
F0D1	E99DA0
F0D2	E99DA4
F0D3	E99DA6
F0D4	E99DA8
F0D5	E58B92
F0D6	E99DAB
F0D7	E99DB1
F0D8	E99DB9
F0D9	E99E85
F0DA	E99DBC
F0DB	E99E81
F0DC	E99DBA
F0DD	E99E86
F0DE	E99E8B
F0DF	E99E8F
F0E0	E99E90
F0E1	E99E9C
F0E2	E99EA8
F0E3	E99EA6
F0E4	E99EA3
F0E5	E99EB3
F0E6	E99EB4
F0E7	E99F83
F0E8	E99F86
F0E9	E99F88
F0EA	E99F8B
F0EB	E99F9C
F0EC	E99FAD
F0ED	E9BD8F
F0EE	E99FB2
F0EF	E7AB9F
F0F0	E99FB6
F0F1	E99FB5
F0F2	E9A08F
F0F3	E9A08C
F0F4	E9A0B8
F0F5	E9A0A4
F0F6	E9A0A1
F0F7	E9A0B7
F0F8	E9A0BD
F0F9	E9A186
F0FA	E9A18F
F0FB	E9A18B
F0FC	E9A1AB
F0FD	E9A1AF
F0FE	E9A1B0
F1A1	E9A1B1
F1A2	E9A1B4
F1A3	E9A1B3
F1A4	E9A2AA
F1A5	E9A2AF
F1A6	E9A2B1
F1A7	E9A2B6
F1A8	E9A384
F1A9	E9A383
F1AA	E9A386
F1AB	E9A3A9
F1AC	E9A3AB
F1AD	E9A483
F1AE	E9A489
F1AF	E9A492
F1B0	E9A494
F1B1	E9A498
F1B2	E9A4A1
F1B3	E9A49D
F1B4	E9A49E
F1B5	E9A4A4
F1B6	E9A4A0
F1B7	E9A4AC
F1B8	E9A4AE
F1B9	E9A4BD
F1BA	E9A4BE
F1BB	E9A582
F1BC	E9A589
F1BD	E9A585
F1BE	E9A590
F1BF	E9A58B
F1C0	E9A591
F1C1	E9A592
F1C2	E9A58C
F1C3	E9A595
F1C4	E9A697
F1C5	E9A698
F1C6	E9A6A5
F1C7	E9A6AD
F1C8	E9A6AE
F1C9	E9A6BC
F1CA	E9A79F
F1CB	E9A79B
F1CC	E9A79D
F1CD	E9A798
F1CE	E9A791
F1CF	E9A7AD
F1D0	E9A7AE
F1D1	E9A7B1
F1D2	E9A7B2
F1D3	E9A7BB
F1D4	E9A7B8
F1D5	E9A881
F1D6	E9A88F
F1D7	E9A885
F1D8	E9A7A2
F1D9	E9A899
F1DA	E9A8AB
F1DB	E9A8B7
F1DC	E9A985
F1DD	E9A982
F1DE	E9A980
F1DF	E9A983
F1E0	E9A8BE
F1E1	E9A995
F1E2	E9A98D
F1E3	E9A99B
F1E4	E9A997
F1E5	E9A99F
F1E6	E9A9A2
F1E7	E9A9A5
F1E8	E9A9A4
F1E9	E9A9A9
F1EA	E9A9AB
F1EB	E9A9AA
F1EC	E9AAAD
F1ED	E9AAB0
F1EE	E9AABC
F1EF	E9AB80
F1F0	E9AB8F
F1F1	E9AB91
F1F2	E9AB93
F1F3	E9AB94
F1F4	E9AB9E
F1F5	E9AB9F
F1F6	E9ABA2
F1F7	E9ABA3
F1F8	E9ABA6
F1F9	E9ABAF
F1FA	E9ABAB
F1FB	E9ABAE
F1FC	E9ABB4
F1FD	E9ABB1
F1FE	E9ABB7
F2A1	E9ABBB
F2A2	E9AC86
F2A3	E9AC98
F2A4	E9AC9A
F2A5	E9AC9F
F2A6	E9ACA2
F2A7	E9ACA3
F2A8	E9ACA5
F2A9	E9ACA7
F2AA	E9ACA8
F2AB	E9ACA9
F2AC	E9ACAA
F2AD	E9ACAE
F2AE	E9ACAF
F2AF	E9ACB2
F2B0	E9AD84
F2B1	E9AD83
F2B2	E9AD8F
F2B3	E9AD8D
F2B4	E9AD8E
F2B5	E9AD91
F2B6	E9AD98
F2B7	E9ADB4
F2B8	E9AE93
F2B9	E9AE83
F2BA	E9AE91
F2BB	E9AE96
F2BC	E9AE97
F2BD	E9AE9F
F2BE	E9AEA0
F2BF	E9AEA8
F2C0	E9AEB4
F2C1	E9AF80
F2C2	E9AF8A
F2C3	E9AEB9
F2C4	E9AF86
F2C5	E9AF8F
F2C6	E9AF91
F2C7	E9AF92
F2C8	E9AFA3
F2C9	E9AFA2
F2CA	E9AFA4
F2CB	E9AF94
F2CC	E9AFA1
F2CD	E9B0BA
F2CE	E9AFB2
F2CF	E9AFB1
F2D0	E9AFB0
F2D1	E9B095
F2D2	E9B094
F2D3	E9B089
F2D4	E9B093
F2D5	E9B08C
F2D6	E9B086
F2D7	E9B088
F2D8	E9B092
F2D9	E9B08A
F2DA	E9B084
F2DB	E9B0AE
F2DC	E9B09B
F2DD	E9B0A5
F2DE	E9B0A4
F2DF	E9B0A1
F2E0	E9B0B0
F2E1	E9B187
F2E2	E9B0B2
F2E3	E9B186
F2E4	E9B0BE
F2E5	E9B19A
F2E6	E9B1A0
F2E7	E9B1A7
F2E8	E9B1B6
F2E9	E9B1B8
F2EA	E9B3A7
F2EB	E9B3AC
F2EC	E9B3B0
F2ED	E9B489
F2EE	E9B488
F2EF	E9B3AB
F2F0	E9B483
F2F1	E9B486
F2F2	E9B4AA
F2F3	E9B4A6
F2F4	E9B6AF
F2F5	E9B4A3
F2F6	E9B49F
F2F7	E9B584
F2F8	E9B495
F2F9	E9B492
F2FA	E9B581
F2FB	E9B4BF
F2FC	E9B4BE
F2FD	E9B586
F2FE	E9B588
F3A1	E9B59D
F3A2	E9B59E
F3A3	E9B5A4
F3A4	E9B591
F3A5	E9B590
F3A6	E9B599
F3A7	E9B5B2
F3A8	E9B689
F3A9	E9B687
F3AA	E9B6AB
F3AB	E9B5AF
F3AC	E9B5BA
F3AD	E9B69A
F3AE	E9B6A4
F3AF	E9B6A9
F3B0	E9B6B2
F3B1	E9B784
F3B2	E9B781
F3B3	E9B6BB
F3B4	E9B6B8
F3B5	E9B6BA
F3B6	E9B786
F3B7	E9B78F
F3B8	E9B782
F3B9	E9B799
F3BA	E9B793
F3BB	E9B7B8
F3BC	E9B7A6
F3BD	E9B7AD
F3BE	E9B7AF
F3BF	E9B7BD
F3C0	E9B89A
F3C1	E9B89B
F3C2	E9B89E
F3C3	E9B9B5
F3C4	E9B9B9
F3C5	E9B9BD
F3C6	E9BA81
F3C7	E9BA88
F3C8	E9BA8B
F3C9	E9BA8C
F3CA	E9BA92
F3CB	E9BA95
F3CC	E9BA91
F3CD	E9BA9D
F3CE	E9BAA5
F3CF	E9BAA9
F3D0	E9BAB8
F3D1	E9BAAA
F3D2	E9BAAD
F3D3	E99DA1
F3D4	E9BB8C
F3D5	E9BB8E
F3D6	E9BB8F
F3D7	E9BB90
F3D8	E9BB94
F3D9	E9BB9C
F3DA	E9BB9E
F3DB	E9BB9D
F3DC	E9BBA0
F3DD	E9BBA5
F3DE	E9BBA8
F3DF	E9BBAF
F3E0	E9BBB4
F3E1	E9BBB6
F3E2	E9BBB7
F3E3	E9BBB9
F3E4	E9BBBB
F3E5	E9BBBC
F3E6	E9BBBD
F3E7	E9BC87
F3E8	E9BC88
F3E9	E79AB7
F3EA	E9BC95
F3EB	E9BCA1
F3EC	E9BCAC
F3ED	E9BCBE
F3EE	E9BD8A
F3EF	E9BD92
F3F0	E9BD94
F3F1	E9BDA3
F3F2	E9BD9F
F3F3	E9BDA0
F3F4	E9BDA1
F3F5	E9BDA6
F3F6	E9BDA7
F3F7	E9BDAC
F3F8	E9BDAA
F3F9	E9BDB7
F3FA	E9BDB2
F3FB	E9BDB6
F3FC	E9BE95
F3FD	E9BE9C
F3FE	E9BEA0
F4A1	E5A0AF
F4A2	E6A787
F4A3	E98199
F4A4	E791A4
F4A5	E5879C
F4A6	E78699
F5A1	EE8080
F5A2	EE8081
F5A3	EE8082
F5A4	EE8083
F5A5	EE8084
F5A6	EE8085
F5A7	EE8086
F5A8	EE8087
F5A9	EE8088
F5AA	EE8089
F5AB	EE808A
F5AC	EE808B
F5AD	EE808C
F5AE	EE808D
F5AF	EE808E
F5B0	EE808F
F5B1	EE8090
F5B2	EE8091
F5B3	EE8092
F5B4	EE8093
F5B5	EE8094
F5B6	EE8095
F5B7	EE8096
F5B8	EE8097
F5B9	EE8098
F5BA	EE8099
F5BB	EE809A
F5BC	EE809B
F5BD	EE809C
F5BE	EE809D
F5BF	EE809E
F5C0	EE809F
F5C1	EE80A0
F5C2	EE80A1
F5C3	EE80A2
F5C4	EE80A3
F5C5	EE80A4
F5C6	EE80A5
F5C7	EE80A6
F5C8	EE80A7
F5C9	EE80A8
F5CA	EE80A9
F5CB	EE80AA
F5CC	EE80AB
F5CD	EE80AC
F5CE	EE80AD
F5CF	EE80AE
F5D0	EE80AF
F5D1	EE80B0
F5D2	EE80B1
F5D3	EE80B2
F5D4	EE80B3
F5D5	EE80B4
F5D6	EE80B5
F5D7	EE80B6
F5D8	EE80B7
F5D9	EE80B8
F5DA	EE80B9
F5DB	EE80BA
F5DC	EE80BB
F5DD	EE80BC
F5DE	EE80BD
F5DF	EE80BE
F5E0	EE80BF
F5E1	EE8180
F5E2	EE8181
F5E3	EE8182
F5E4	EE8183
F5E5	EE8184
F5E6	EE8185
F5E7	EE8186
F5E8	EE8187
F5E9	EE8188
F5EA	EE8189
F5EB	EE818A
F5EC	EE818B
F5ED	EE818C
F5EE	EE818D
F5EF	EE818E
F5F0	EE818F
F5F1	EE8190
F5F2	EE8191
F5F3	EE8192
F5F4	EE8193
F5F5	EE8194
F5F6	EE8195
F5F7	EE8196
F5F8	EE8197
F5F9	EE8198
F5FA	EE8199
F5FB	EE819A
F5FC	EE819B
F5FD	EE819C
F5FE	EE819D
F6A1	EE819E
F6A2	EE819F
F6A3	EE81A0
F6A4	EE81A1
F6A5	EE81A2
F6A6	EE81A3
F6A7	EE81A4
F6A8	EE81A5
F6A9	EE81A6
F6AA	EE81A7
F6AB	EE81A8
F6AC	EE81A9
F6AD	EE81AA
F6AE	EE81AB
F6AF	EE81AC
F6B0	EE81AD
F6B1	EE81AE
F6B2	EE81AF
F6B3	EE81B0
F6B4	EE81B1
F6B5	EE81B2
F6B6	EE81B3
F6B7	EE81B4
F6B8	EE81B5
F6B9	EE81B6
F6BA	EE81B7
F6BB	EE81B8
F6BC	EE81B9
F6BD	EE81BA
F6BE	EE81BB
F6BF	EE81BC
F6C0	EE81BD
F6C1	EE81BE
F6C2	EE81BF
F6C3	EE8280
F6C4	EE8281
F6C5	EE8282
F6C6	EE8283
F6C7	EE8284
F6C8	EE8285
F6C9	EE8286
F6CA	EE8287
F6CB	EE8288
F6CC	EE8289
F6CD	EE828A
F6CE	EE828B
F6CF	EE828C
F6D0	EE828D
F6D1	EE828E
F6D2	EE828F
F6D3	EE8290
F6D4	EE8291
F6D5	EE8292
F6D6	EE8293
F6D7	EE8294
F6D8	EE8295
F6D9	EE8296
F6DA	EE8297
F6DB	EE8298
F6DC	EE8299
F6DD	EE829A
F6DE	EE829B
F6DF	EE829C
F6E0	EE829D
F6E1	EE829E
F6E2	EE829F
F6E3	EE82A0
F6E4	EE82A1
F6E5	EE82A2
F6E6	EE82A3
F6E7	EE82A4
F6E8	EE82A5
F6E9	EE82A6
F6EA	EE82A7
F6EB	EE82A8
F6EC	EE82A9
F6ED	EE82AA
F6EE	EE82AB
F6EF	EE82AC
F6F0	EE82AD
F6F1	EE82AE
F6F2	EE82AF
F6F3	EE82B0
F6F4	EE82B1
F6F5	EE82B2
F6F6	EE82B3
F6F7	EE82B4
F6F8	EE82B5
F6F9	EE82B6
F6FA	EE82B7
F6FB	EE82B8
F6FC	EE82B9
F6FD	EE82BA
F6FE	EE82BB
F7A1	EE82BC
F7A2	EE82BD
F7A3	EE82BE
F7A4	EE82BF
F7A5	EE8380
F7A6	EE8381
F7A7	EE8382
F7A8	EE8383
F7A9	EE8384
F7AA	EE8385
F7AB	EE8386
F7AC	EE8387
F7AD	EE8388
F7AE	EE8389
F7AF	EE838A
F7B0	EE838B
F7B1	EE838C
F7B2	EE838D
F7B3	EE838E
F7B4	EE838F
F7B5	EE8390
F7B6	EE8391
F7B7	EE8392
F7B8	EE8393
F7B9	EE8394
F7BA	EE8395
F7BB	EE8396
F7BC	EE8397
F7BD	EE8398
F7BE	EE8399
F7BF	EE839A
F7C0	EE839B
F7C1	EE839C
F7C2	EE839D
F7C3	EE839E
F7C4	EE839F
F7C5	EE83A0
F7C6	EE83A1
F7C7	EE83A2
F7C8	EE83A3
F7C9	EE83A4
F7CA	EE83A5
F7CB	EE83A6
F7CC	EE83A7
F7CD	EE83A8
F7CE	EE83A9
F7CF	EE83AA
F7D0	EE83AB
F7D1	EE83AC
F7D2	EE83AD
F7D3	EE83AE
F7D4	EE83AF
F7D5	EE83B0
F7D6	EE83B1
F7D7	EE83B2
F7D8	EE83B3
F7D9	EE83B4
F7DA	EE83B5
F7DB	EE83B6
F7DC	EE83B7
F7DD	EE83B8
F7DE	EE83B9
F7DF	EE83BA
F7E0	EE83BB
F7E1	EE83BC
F7E2	EE83BD
F7E3	EE83BE
F7E4	EE83BF
F7E5	EE8480
F7E6	EE8481
F7E7	EE8482
F7E8	EE8483
F7E9	EE8484
F7EA	EE8485
F7EB	EE8486
F7EC	EE8487
F7ED	EE8488
F7EE	EE8489
F7EF	EE848A
F7F0	EE848B
F7F1	EE848C
F7F2	EE848D
F7F3	EE848E
F7F4	EE848F
F7F5	EE8490
F7F6	EE8491
F7F7	EE8492
F7F8	EE8493
F7F9	EE8494
F7FA	EE8495
F7FB	EE8496
F7FC	EE8497
F7FD	EE8498
F7FE	EE8499
F8A1	EE849A
F8A2	EE849B
F8A3	EE849C
F8A4	EE849D
F8A5	EE849E
F8A6	EE849F
F8A7	EE84A0
F8A8	EE84A1
F8A9	EE84A2
F8AA	EE84A3
F8AB	EE84A4
F8AC	EE84A5
F8AD	EE84A6
F8AE	EE84A7
F8AF	EE84A8
F8B0	EE84A9
F8B1	EE84AA
F8B2	EE84AB
F8B3	EE84AC
F8B4	EE84AD
F8B5	EE84AE
F8B6	EE84AF
F8B7	EE84B0
F8B8	EE84B1
F8B9	EE84B2
F8BA	EE84B3
F8BB	EE84B4
F8BC	EE84B5
F8BD	EE84B6
F8BE	EE84B7
F8BF	EE84B8
F8C0	EE84B9
F8C1	EE84BA
F8C2	EE84BB
F8C3	EE84BC
F8C4	EE84BD
F8C5	EE84BE
F8C6	EE84BF
F8C7	EE8580
F8C8	EE8581
F8C9	EE8582
F8CA	EE8583
F8CB	EE8584
F8CC	EE8585
F8CD	EE8586
F8CE	EE8587
F8CF	EE8588
F8D0	EE8589
F8D1	EE858A
F8D2	EE858B
F8D3	EE858C
F8D4	EE858D
F8D5	EE858E
F8D6	EE858F
F8D7	EE8590
F8D8	EE8591
F8D9	EE8592
F8DA	EE8593
F8DB	EE8594
F8DC	EE8595
F8DD	EE8596
F8DE	EE8597
F8DF	EE8598
F8E0	EE8599
F8E1	EE859A
F8E2	EE859B
F8E3	EE859C
F8E4	EE859D
F8E5	EE859E
F8E6	EE859F
F8E7	EE85A0
F8E8	EE85A1
F8E9	EE85A2
F8EA	EE85A3
F8EB	EE85A4
F8EC	EE85A5
F8ED	EE85A6
F8EE	EE85A7
F8EF	EE85A8
F8F0	EE85A9
F8F1	EE85AA
F8F2	EE85AB
F8F3	EE85AC
F8F4	EE85AD
F8F5	EE85AE
F8F6	EE85AF
F8F7	EE85B0
F8F8	EE85B1
F8F9	EE85B2
F8FA	EE85B3
F8FB	EE85B4
F8FC	EE85B5
F8FD	EE85B6
F8FE	EE85B7
F9A1	EE85B8
F9A2	EE85B9
F9A3	EE85BA
F9A4	EE85BB
F9A5	EE85BC
F9A6	EE85BD
F9A7	EE85BE
F9A8	EE85BF
F9A9	EE8680
F9AA	EE8681
F9AB	EE8682
F9AC	EE8683
F9AD	EE8684
F9AE	EE8685
F9AF	EE8686
F9B0	EE8687
F9B1	EE8688
F9B2	EE8689
F9B3	EE868A
F9B4	EE868B
F9B5	EE868C
F9B6	EE868D
F9B7	EE868E
F9B8	EE868F
F9B9	EE8690
F9BA	EE8691
F9BB	EE8692
F9BC	EE8693
F9BD	EE8694
F9BE	EE8695
F9BF	EE8696
F9C0	EE8697
F9C1	EE8698
F9C2	EE8699
F9C3	EE869A
F9C4	EE869B
F9C5	EE869C
F9C6	EE869D
F9C7	EE869E
F9C8	EE869F
F9C9	EE86A0
F9CA	EE86A1
F9CB	EE86A2
F9CC	EE86A3
F9CD	EE86A4
F9CE	EE86A5
F9CF	EE86A6
F9D0	EE86A7
F9D1	EE86A8
F9D2	EE86A9
F9D3	EE86AA
F9D4	EE86AB
F9D5	EE86AC
F9D6	EE86AD
F9D7	EE86AE
F9D8	EE86AF
F9D9	EE86B0
F9DA	EE86B1
F9DB	EE86B2
F9DC	EE86B3
F9DD	EE86B4
F9DE	EE86B5
F9DF	EE86B6
F9E0	EE86B7
F9E1	EE86B8
F9E2	EE86B9
F9E3	EE86BA
F9E4	EE86BB
F9E5	EE86BC
F9E6	EE86BD
F9E7	EE86BE
F9E8	EE86BF
F9E9	EE8780
F9EA	EE8781
F9EB	EE8782
F9EC	EE8783
F9ED	EE8784
F9EE	EE8785
F9EF	EE8786
F9F0	EE8787
F9F1	EE8788
F9F2	EE8789
F9F3	EE878A
F9F4	EE878B
F9F5	EE878C
F9F6	EE878D
F9F7	EE878E
F9F8	EE878F
F9F9	EE8790
F9FA	EE8791
F9FB	EE8792
F9FC	EE8793
F9FD	EE8794
F9FE	EE8795
FAA1	EE8796
FAA2	EE8797
FAA3	EE8798
FAA4	EE8799
FAA5	EE879A
FAA6	EE879B
FAA7	EE879C
FAA8	EE879D
FAA9	EE879E
FAAA	EE879F
FAAB	EE87A0
FAAC	EE87A1
FAAD	EE87A2
FAAE	EE87A3
FAAF	EE87A4
FAB0	EE87A5
FAB1	EE87A6
FAB2	EE87A7
FAB3	EE87A8
FAB4	EE87A9
FAB5	EE87AA
FAB6	EE87AB
FAB7	EE87AC
FAB8	EE87AD
FAB9	EE87AE
FABA	EE87AF
FABB	EE87B0
FABC	EE87B1
FABD	EE87B2
FABE	EE87B3
FABF	EE87B4
FAC0	EE87B5
FAC1	EE87B6
FAC2	EE87B7
FAC3	EE87B8
FAC4	EE87B9
FAC5	EE87BA
FAC6	EE87BB
FAC7	EE87BC
FAC8	EE87BD
FAC9	EE87BE
FACA	EE87BF
FACB	EE8880
FACC	EE8881
FACD	EE8882
FACE	EE8883
FACF	EE8884
FAD0	EE8885
FAD1	EE8886
FAD2	EE8887
FAD3	EE8888
FAD4	EE8889
FAD5	EE888A
FAD6	EE888B
FAD7	EE888C
FAD8	EE888D
FAD9	EE888E
FADA	EE888F
FADB	EE8890
FADC	EE8891
FADD	EE8892
FADE	EE8893
FADF	EE8894
FAE0	EE8895
FAE1	EE8896
FAE2	EE8897
FAE3	EE8898
FAE4	EE8899
FAE5	EE889A
FAE6	EE889B
FAE7	EE889C
FAE8	EE889D
FAE9	EE889E
FAEA	EE889F
FAEB	EE88A0
FAEC	EE88A1
FAED	EE88A2
FAEE	EE88A3
FAEF	EE88A4
FAF0	EE88A5
FAF1	EE88A6
FAF2	EE88A7
FAF3	EE88A8
FAF4	EE88A9
FAF5	EE88AA
FAF6	EE88AB
FAF7	EE88AC
FAF8	EE88AD
FAF9	EE88AE
FAFA	EE88AF
FAFB	EE88B0
FAFC	EE88B1
FAFD	EE88B2
FAFE	EE88B3
FBA1	EE88B4
FBA2	EE88B5
FBA3	EE88B6
FBA4	EE88B7
FBA5	EE88B8
FBA6	EE88B9
FBA7	EE88BA
FBA8	EE88BB
FBA9	EE88BC
FBAA	EE88BD
FBAB	EE88BE
FBAC	EE88BF
FBAD	EE8980
FBAE	EE8981
FBAF	EE8982
FBB0	EE8983
FBB1	EE8984
FBB2	EE8985
FBB3	EE8986
FBB4	EE8987
FBB5	EE8988
FBB6	EE8989
FBB7	EE898A
FBB8	EE898B
FBB9	EE898C
FBBA	EE898D
FBBB	EE898E
FBBC	EE898F
FBBD	EE8990
FBBE	EE8991
FBBF	EE8992
FBC0	EE8993
FBC1	EE8994
FBC2	EE8995
FBC3	EE8996
FBC4	EE8997
FBC5	EE8998
FBC6	EE8999
FBC7	EE899A
FBC8	EE899B
FBC9	EE899C
FBCA	EE899D
FBCB	EE899E
FBCC	EE899F
FBCD	EE89A0
FBCE	EE89A1
FBCF	EE89A2
FBD0	EE89A3
FBD1	EE89A4
FBD2	EE89A5
FBD3	EE89A6
FBD4	EE89A7
FBD5	EE89A8
FBD6	EE89A9
FBD7	EE89AA
FBD8	EE89AB
FBD9	EE89AC
FBDA	EE89AD
FBDB	EE89AE
FBDC	EE89AF
FBDD	EE89B0
FBDE	EE89B1
FBDF	EE89B2
FBE0	EE89B3
FBE1	EE89B4
FBE2	EE89B5
FBE3	EE89B6
FBE4	EE89B7
FBE5	EE89B8
FBE6	EE89B9
FBE7	EE89BA
FBE8	EE89BB
FBE9	EE89BC
FBEA	EE89BD
FBEB	EE89BE
FBEC	EE89BF
FBED	EE8A80
FBEE	EE8A81
FBEF	EE8A82
FBF0	EE8A83
FBF1	EE8A84
FBF2	EE8A85
FBF3	EE8A86
FBF4	EE8A87
FBF5	EE8A88
FBF6	EE8A89
FBF7	EE8A8A
FBF8	EE8A8B
FBF9	EE8A8C
FBFA	EE8A8D
FBFB	EE8A8E
FBFC	EE8A8F
FBFD	EE8A90
FBFE	EE8A91
FCA1	EE8A92
FCA2	EE8A93
FCA3	EE8A94
FCA4	EE8A95
FCA5	EE8A96
FCA6	EE8A97
FCA7	EE8A98
FCA8	EE8A99
FCA9	EE8A9A
FCAA	EE8A9B
FCAB	EE8A9C
FCAC	EE8A9D
FCAD	EE8A9E
FCAE	EE8A9F
FCAF	EE8AA0
FCB0	EE8AA1
FCB1	EE8AA2
FCB2	EE8AA3
FCB3	EE8AA4
FCB4	EE8AA5
FCB5	EE8AA6
FCB6	EE8AA7
FCB7	EE8AA8
FCB8	EE8AA9
FCB9	EE8AAA
FCBA	EE8AAB
FCBB	EE8AAC
FCBC	EE8AAD
FCBD	EE8AAE
FCBE	EE8AAF
FCBF	EE8AB0
FCC0	EE8AB1
FCC1	EE8AB2
FCC2	EE8AB3
FCC3	EE8AB4
FCC4	EE8AB5
FCC5	EE8AB6
FCC6	EE8AB7
FCC7	EE8AB8
FCC8	EE8AB9
FCC9	EE8ABA
FCCA	EE8ABB
FCCB	EE8ABC
FCCC	EE8ABD
FCCD	EE8ABE
FCCE	EE8ABF
FCCF	EE8B80
FCD0	EE8B81
FCD1	EE8B82
FCD2	EE8B83
FCD3	EE8B84
FCD4	EE8B85
FCD5	EE8B86
FCD6	EE8B87
FCD7	EE8B88
FCD8	EE8B89
FCD9	EE8B8A
FCDA	EE8B8B
FCDB	EE8B8C
FCDC	EE8B8D
FCDD	EE8B8E
FCDE	EE8B8F
FCDF	EE8B90
FCE0	EE8B91
FCE1	EE8B92
FCE2	EE8B93
FCE3	EE8B94
FCE4	EE8B95
FCE5	EE8B96
FCE6	EE8B97
FCE7	EE8B98
FCE8	EE8B99
FCE9	EE8B9A
FCEA	EE8B9B
FCEB	EE8B9C
FCEC	EE8B9D
FCED	EE8B9E
FCEE	EE8B9F
FCEF	EE8BA0
FCF0	EE8BA1
FCF1	EE8BA2
FCF2	EE8BA3
FCF3	EE8BA4
FCF4	EE8BA5
FCF5	EE8BA6
FCF6	EE8BA7
FCF7	EE8BA8
FCF8	EE8BA9
FCF9	EE8BAA
FCFA	EE8BAB
FCFB	EE8BAC
FCFC	EE8BAD
FCFD	EE8BAE
FCFE	EE8BAF
FDA1	EE8BB0
FDA2	EE8BB1
FDA3	EE8BB2
FDA4	EE8BB3
FDA5	EE8BB4
FDA6	EE8BB5
FDA7	EE8BB6
FDA8	EE8BB7
FDA9	EE8BB8
FDAA	EE8BB9
FDAB	EE8BBA
FDAC	EE8BBB
FDAD	EE8BBC
FDAE	EE8BBD
FDAF	EE8BBE
FDB0	EE8BBF
FDB1	EE8C80
FDB2	EE8C81
FDB3	EE8C82
FDB4	EE8C83
FDB5	EE8C84
FDB6	EE8C85
FDB7	EE8C86
FDB8	EE8C87
FDB9	EE8C88
FDBA	EE8C89
FDBB	EE8C8A
FDBC	EE8C8B
FDBD	EE8C8C
FDBE	EE8C8D
FDBF	EE8C8E
FDC0	EE8C8F
FDC1	EE8C90
FDC2	EE8C91
FDC3	EE8C92
FDC4	EE8C93
FDC5	EE8C94
FDC6	EE8C95
FDC7	EE8C96
FDC8	EE8C97
FDC9	EE8C98
FDCA	EE8C99
FDCB	EE8C9A
FDCC	EE8C9B
FDCD	EE8C9C
FDCE	EE8C9D
FDCF	EE8C9E
FDD0	EE8C9F
FDD1	EE8CA0
FDD2	EE8CA1
FDD3	EE8CA2
FDD4	EE8CA3
FDD5	EE8CA4
FDD6	EE8CA5
FDD7	EE8CA6
FDD8	EE8CA7
FDD9	EE8CA8
FDDA	EE8CA9
FDDB	EE8CAA
FDDC	EE8CAB
FDDD	EE8CAC
FDDE	EE8CAD
FDDF	EE8CAE
FDE0	EE8CAF
FDE1	EE8CB0
FDE2	EE8CB1
FDE3	EE8CB2
FDE4	EE8CB3
FDE5	EE8CB4
FDE6	EE8CB5
FDE7	EE8CB6
FDE8	EE8CB7
FDE9	EE8CB8
FDEA	EE8CB9
FDEB	EE8CBA
FDEC	EE8CBB
FDED	EE8CBC
FDEE	EE8CBD
FDEF	EE8CBE
FDF0	EE8CBF
FDF1	EE8D80
FDF2	EE8D81
FDF3	EE8D82
FDF4	EE8D83
FDF5	EE8D84
FDF6	EE8D85
FDF7	EE8D86
FDF8	EE8D87
FDF9	EE8D88
FDFA	EE8D89
FDFB	EE8D8A
FDFC	EE8D8B
FDFD	EE8D8C
FDFE	EE8D8D
FEA1	EE8D8E
FEA2	EE8D8F
FEA3	EE8D90
FEA4	EE8D91
FEA5	EE8D92
FEA6	EE8D93
FEA7	EE8D94
FEA8	EE8D95
FEA9	EE8D96
FEAA	EE8D97
FEAB	EE8D98
FEAC	EE8D99
FEAD	EE8D9A
FEAE	EE8D9B
FEAF	EE8D9C
FEB0	EE8D9D
FEB1	EE8D9E
FEB2	EE8D9F
FEB3	EE8DA0
FEB4	EE8DA1
FEB5	EE8DA2
FEB6	EE8DA3
FEB7	EE8DA4
FEB8	EE8DA5
FEB9	EE8DA6
FEBA	EE8DA7
FEBB	EE8DA8
FEBC	EE8DA9
FEBD	EE8DAA
FEBE	EE8DAB
FEBF	EE8DAC
FEC0	EE8DAD
FEC1	EE8DAE
FEC2	EE8DAF
FEC3	EE8DB0
FEC4	EE8DB1
FEC5	EE8DB2
FEC6	EE8DB3
FEC7	EE8DB4
FEC8	EE8DB5
FEC9	EE8DB6
FECA	EE8DB7
FECB	EE8DB8
FECC	EE8DB9
FECD	EE8DBA
FECE	EE8DBB
FECF	EE8DBC
FED0	EE8DBD
FED1	EE8DBE
FED2	EE8DBF
FED3	EE8E80
FED4	EE8E81
FED5	EE8E82
FED6	EE8E83
FED7	EE8E84
FED8	EE8E85
FED9	EE8E86
FEDA	EE8E87
FEDB	EE8E88
FEDC	EE8E89
FEDD	EE8E8A
FEDE	EE8E8B
FEDF	EE8E8C
FEE0	EE8E8D
FEE1	EE8E8E
FEE2	EE8E8F
FEE3	EE8E90
FEE4	EE8E91
FEE5	EE8E92
FEE6	EE8E93
FEE7	EE8E94
FEE8	EE8E95
FEE9	EE8E96
FEEA	EE8E97
FEEB	EE8E98
FEEC	EE8E99
FEED	EE8E9A
FEEE	EE8E9B
FEEF	EE8E9C
FEF0	EE8E9D
FEF1	EE8E9E
FEF2	EE8E9F
FEF3	EE8EA0
FEF4	EE8EA1
FEF5	EE8EA2
FEF6	EE8EA3
FEF7	EE8EA4
FEF8	EE8EA5
FEF9	EE8EA6
FEFA	EE8EA7
FEFB	EE8EA8
FEFC	EE8EA9
FEFD	EE8EAA
FEFE	EE8EAB
8FA2AF	CB98
8FA2B0	CB87
8FA2B1	C2B8
8FA2B2	CB99
8FA2B3	CB9D
8FA2B4	C2AF
8FA2B5	CB9B
8FA2B6	CB9A
8FA2B7	EFBD9E
8FA2B8	CE84
8FA2B9	CE85
8FA2C2	C2A1
8FA2C3	EFBFA4
8FA2C4	C2BF
8FA2EB	C2BA
8FA2EC	C2AA
8FA2ED	C2A9
8FA2EE	C2AE
8FA2EF	E284A2
8FA2F0	C2A4
8FA2F1	E28496
8FA6E1	CE86
8FA6E2	CE88
8FA6E3	CE89
8FA6E4	CE8A
8FA6E5	CEAA
8FA6E7	CE8C
8FA6E9	CE8E
8FA6EA	CEAB
8FA6EC	CE8F
8FA6F1	CEAC
8FA6F2	CEAD
8FA6F3	CEAE
8FA6F4	CEAF
8FA6F5	CF8A
8FA6F6	CE90
8FA6F7	CF8C
8FA6F8	CF82
8FA6F9	CF8D
8FA6FA	CF8B
8FA6FB	CEB0
8FA6FC	CF8E
8FA7C2	D082
8FA7C3	D083
8FA7C4	D084
8FA7C5	D085
8FA7C6	D086
8FA7C7	D087
8FA7C8	D088
8FA7C9	D089
8FA7CA	D08A
8FA7CB	D08B
8FA7CC	D08C
8FA7CD	D08E
8FA7CE	D08F
8FA7F2	D192
8FA7F3	D193
8FA7F4	D194
8FA7F5	D195
8FA7F6	D196
8FA7F7	D197
8FA7F8	D198
8FA7F9	D199
8FA7FA	D19A
8FA7FB	D19B
8FA7FC	D19C
8FA7FD	D19E
8FA7FE	D19F
8FA9A1	C386
8FA9A2	C490
8FA9A4	C4A6
8FA9A6	C4B2
8FA9A8	C581
8FA9A9	C4BF
8FA9AB	C58A
8FA9AC	C398
8FA9AD	C592
8FA9AF	C5A6
8FA9B0	C39E
8FA9C1	C3A6
8FA9C2	C491
8FA9C3	C3B0
8FA9C4	C4A7
8FA9C5	C4B1
8FA9C6	C4B3
8FA9C7	C4B8
8FA9C8	C582
8FA9C9	C580
8FA9CA	C589
8FA9CB	C58B
8FA9CC	C3B8
8FA9CD	C593
8FA9CE	C39F
8FA9CF	C5A7
8FA9D0	C3BE
8FAAA1	C381
8FAAA2	C380
8FAAA3	C384
8FAAA4	C382
8FAAA5	C482
8FAAA6	C78D
8FAAA7	C480
8FAAA8	C484
8FAAA9	C385
8FAAAA	C383
8FAAAB	C486
8FAAAC	C488
8FAAAD	C48C
8FAAAE	C387
8FAAAF	C48A
8FAAB0	C48E
8FAAB1	C389
8FAAB2	C388
8FAAB3	C38B
8FAAB4	C38A
8FAAB5	C49A
8FAAB6	C496
8FAAB7	C492
8FAAB8	C498
8FAABA	C49C
8FAABB	C49E
8FAABC	C4A2
8FAABD	C4A0
8FAABE	C4A4
8FAABF	C38D
8FAAC0	C38C
8FAAC1	C38F
8FAAC2	C38E
8FAAC3	C78F
8FAAC4	C4B0
8FAAC5	C4AA
8FAAC6	C4AE
8FAAC7	C4A8
8FAAC8	C4B4
8FAAC9	C4B6
8FAACA	C4B9
8FAACB	C4BD
8FAACC	C4BB
8FAACD	C583
8FAACE	C587
8FAACF	C585
8FAAD0	C391
8FAAD1	C393
8FAAD2	C392
8FAAD3	C396
8FAAD4	C394
8FAAD5	C791
8FAAD6	C590
8FAAD7	C58C
8FAAD8	C395
8FAAD9	C594
8FAADA	C598
8FAADB	C596
8FAADC	C59A
8FAADD	C59C
8FAADE	C5A0
8FAADF	C59E
8FAAE0	C5A4
8FAAE1	C5A2
8FAAE2	C39A
8FAAE3	C399
8FAAE4	C39C
8FAAE5	C39B
8FAAE6	C5AC
8FAAE7	C793
8FAAE8	C5B0
8FAAE9	C5AA
8FAAEA	C5B2
8FAAEB	C5AE
8FAAEC	C5A8
8FAAED	C797
8FAAEE	C79B
8FAAEF	C799
8FAAF0	C795
8FAAF1	C5B4
8FAAF2	C39D
8FAAF3	C5B8
8FAAF4	C5B6
8FAAF5	C5B9
8FAAF6	C5BD
8FAAF7	C5BB
8FABA1	C3A1
8FABA2	C3A0
8FABA3	C3A4
8FABA4	C3A2
8FABA5	C483
8FABA6	C78E
8FABA7	C481
8FABA8	C485
8FABA9	C3A5
8FABAA	C3A3
8FABAB	C487
8FABAC	C489
8FABAD	C48D
8FABAE	C3A7
8FABAF	C48B
8FABB0	C48F
8FABB1	C3A9
8FABB2	C3A8
8FABB3	C3AB
8FABB4	C3AA
8FABB5	C49B
8FABB6	C497
8FABB7	C493
8FABB8	C499
8FABB9	C7B5
8FABBA	C49D
8FABBB	C49F
8FABBD	C4A1
8FABBE	C4A5
8FABBF	C3AD
8FABC0	C3AC
8FABC1	C3AF
8FABC2	C3AE
8FABC3	C790
8FABC5	C4AB
8FABC6	C4AF
8FABC7	C4A9
8FABC8	C4B5
8FABC9	C4B7
8FABCA	C4BA
8FABCB	C4BE
8FABCC	C4BC
8FABCD	C584
8FABCE	C588
8FABCF	C586
8FABD0	C3B1
8FABD1	C3B3
8FABD2	C3B2
8FABD3	C3B6
8FABD4	C3B4
8FABD5	C792
8FABD6	C591
8FABD7	C58D
8FABD8	C3B5
8FABD9	C595
8FABDA	C599
8FABDB	C597
8FABDC	C59B
8FABDD	C59D
8FABDE	C5A1
8FABDF	C59F
8FABE0	C5A5
8FABE1	C5A3
8FABE2	C3BA
8FABE3	C3B9
8FABE4	C3BC
8FABE5	C3BB
8FABE6	C5AD
8FABE7	C794
8FABE8	C5B1
8FABE9	C5AB
8FABEA	C5B3
8FABEB	C5AF
8FABEC	C5A9
8FABED	C798
8FABEE	C79C
8FABEF	C79A
8FABF0	C796
8FABF1	C5B5
8FABF2	C3BD
8FABF3	C3BF
8FABF4	C5B7
8FABF5	C5BA
8FABF6	C5BE
8FABF7	C5BC
8FB0A1	E4B882
8FB0A2	E4B884
8FB0A3	E4B885
8FB0A4	E4B88C
8FB0A5	E4B892
8FB0A6	E4B89F
8FB0A7	E4B8A3
8FB0A8	E4B8A4
8FB0A9	E4B8A8
8FB0AA	E4B8AB
8FB0AB	E4B8AE
8FB0AC	E4B8AF
8FB0AD	E4B8B0
8FB0AE	E4B8B5
8FB0AF	E4B980
8FB0B0	E4B981
8FB0B1	E4B984
8FB0B2	E4B987
8FB0B3	E4B991
8FB0B4	E4B99A
8FB0B5	E4B99C
8FB0B6	E4B9A3
8FB0B7	E4B9A8
8FB0B8	E4B9A9
8FB0B9	E4B9B4
8FB0BA	E4B9B5
8FB0BB	E4B9B9
8FB0BC	E4B9BF
8FB0BD	E4BA8D
8FB0BE	E4BA96
8FB0BF	E4BA97
8FB0C0	E4BA9D
8FB0C1	E4BAAF
8FB0C2	E4BAB9
8FB0C3	E4BB83
8FB0C4	E4BB90
8FB0C5	E4BB9A
8FB0C6	E4BB9B
8FB0C7	E4BBA0
8FB0C8	E4BBA1
8FB0C9	E4BBA2
8FB0CA	E4BBA8
8FB0CB	E4BBAF
8FB0CC	E4BBB1
8FB0CD	E4BBB3
8FB0CE	E4BBB5
8FB0CF	E4BBBD
8FB0D0	E4BBBE
8FB0D1	E4BBBF
8FB0D2	E4BC80
8FB0D3	E4BC82
8FB0D4	E4BC83
8FB0D5	E4BC88
8FB0D6	E4BC8B
8FB0D7	E4BC8C
8FB0D8	E4BC92
8FB0D9	E4BC95
8FB0DA	E4BC96
8FB0DB	E4BC97
8FB0DC	E4BC99
8FB0DD	E4BCAE
8FB0DE	E4BCB1
8FB0DF	E4BDA0
8FB0E0	E4BCB3
8FB0E1	E4BCB5
8FB0E2	E4BCB7
8FB0E3	E4BCB9
8FB0E4	E4BCBB
8FB0E5	E4BCBE
8FB0E6	E4BD80
8FB0E7	E4BD82
8FB0E8	E4BD88
8FB0E9	E4BD89
8FB0EA	E4BD8B
8FB0EB	E4BD8C
8FB0EC	E4BD92
8FB0ED	E4BD94
8FB0EE	E4BD96
8FB0EF	E4BD98
8FB0F0	E4BD9F
8FB0F1	E4BDA3
8FB0F2	E4BDAA
8FB0F3	E4BDAC
8FB0F4	E4BDAE
8FB0F5	E4BDB1
8FB0F6	E4BDB7
8FB0F7	E4BDB8
8FB0F8	E4BDB9
8FB0F9	E4BDBA
8FB0FA	E4BDBD
8FB0FB	E4BDBE
8FB0FC	E4BE81
8FB0FD	E4BE82
8FB0FE	E4BE84
8FB1A1	E4BE85
8FB1A2	E4BE89
8FB1A3	E4BE8A
8FB1A4	E4BE8C
8FB1A5	E4BE8E
8FB1A6	E4BE90
8FB1A7	E4BE92
8FB1A8	E4BE93
8FB1A9	E4BE94
8FB1AA	E4BE97
8FB1AB	E4BE99
8FB1AC	E4BE9A
8FB1AD	E4BE9E
8FB1AE	E4BE9F
8FB1AF	E4BEB2
8FB1B0	E4BEB7
8FB1B1	E4BEB9
8FB1B2	E4BEBB
8FB1B3	E4BEBC
8FB1B4	E4BEBD
8FB1B5	E4BEBE
8FB1B6	E4BF80
8FB1B7	E4BF81
8FB1B8	E4BF85
8FB1B9	E4BF86
8FB1BA	E4BF88
8FB1BB	E4BF89
8FB1BC	E4BF8B
8FB1BD	E4BF8C
8FB1BE	E4BF8D
8FB1BF	E4BF8F
8FB1C0	E4BF92
8FB1C1	E4BF9C
8FB1C2	E4BFA0
8FB1C3	E4BFA2
8FB1C4	E4BFB0
8FB1C5	E4BFB2
8FB1C6	E4BFBC
8FB1C7	E4BFBD
8FB1C8	E4BFBF
8FB1C9	E58080
8FB1CA	E58081
8FB1CB	E58084
8FB1CC	E58087
8FB1CD	E5808A
8FB1CE	E5808C
8FB1CF	E5808E
8FB1D0	E58090
8FB1D1	E58093
8FB1D2	E58097
8FB1D3	E58098
8FB1D4	E5809B
8FB1D5	E5809C
8FB1D6	E5809D
8FB1D7	E5809E
8FB1D8	E580A2
8FB1D9	E580A7
8FB1DA	E580AE
8FB1DB	E580B0
8FB1DC	E580B2
8FB1DD	E580B3
8FB1DE	E580B5
8FB1DF	E58180
8FB1E0	E58181
8FB1E1	E58182
8FB1E2	E58185
8FB1E3	E58186
8FB1E4	E5818A
8FB1E5	E5818C
8FB1E6	E5818E
8FB1E7	E58191
8FB1E8	E58192
8FB1E9	E58193
8FB1EA	E58197
8FB1EB	E58199
8FB1EC	E5819F
8FB1ED	E581A0
8FB1EE	E581A2
8FB1EF	E581A3
8FB1F0	E581A6
8FB1F1	E581A7
8FB1F2	E581AA
8FB1F3	E581AD
8FB1F4	E581B0
8FB1F5	E581B1
8FB1F6	E580BB
8FB1F7	E58281
8FB1F8	E58283
8FB1F9	E58284
8FB1FA	E58286
8FB1FB	E5828A
8FB1FC	E5828E
8FB1FD	E5828F
8FB1FE	E58290
8FB2A1	E58292
8FB2A2	E58293
8FB2A3	E58294
8FB2A4	E58296
8FB2A5	E5829B
8FB2A6	E5829C
8FB2A7	E5829E
8FB2A8	E5829F
8FB2A9	E582A0
8FB2AA	E582A1
8FB2AB	E582A2
8FB2AC	E582AA
8FB2AD	E582AF
8FB2AE	E582B0
8FB2AF	E582B9
8FB2B0	E582BA
8FB2B1	E582BD
8FB2B2	E58380
8FB2B3	E58383
8FB2B4	E58384
8FB2B5	E58387
8FB2B6	E5838C
8FB2B7	E5838E
8FB2B8	E58390
8FB2B9	E58393
8FB2BA	E58394
8FB2BB	E58398
8FB2BC	E5839C
8FB2BD	E5839D
8FB2BE	E5839F
8FB2BF	E583A2
8FB2C0	E583A4
8FB2C1	E583A6
8FB2C2	E583A8
8FB2C3	E583A9
8FB2C4	E583AF
8FB2C5	E583B1
8FB2C6	E583B6
8FB2C7	E583BA
8FB2C8	E583BE
8FB2C9	E58483
8FB2CA	E58486
8FB2CB	E58487
8FB2CC	E58488
8FB2CD	E5848B
8FB2CE	E5848C
8FB2CF	E5848D
8FB2D0	E5848E
8FB2D1	E583B2
8FB2D2	E58490
8FB2D3	E58497
8FB2D4	E58499
8FB2D5	E5849B
8FB2D6	E5849C
8FB2D7	E5849D
8FB2D8	E5849E
8FB2D9	E584A3
8FB2DA	E584A7
8FB2DB	E584A8
8FB2DC	E584AC
8FB2DD	E584AD
8FB2DE	E584AF
8FB2DF	E584B1
8FB2E0	E584B3
8FB2E1	E584B4
8FB2E2	E584B5
8FB2E3	E584B8
8FB2E4	E584B9
8FB2E5	E58582
8FB2E6	E5858A
8FB2E7	E5858F
8FB2E8	E58593
8FB2E9	E58595
8FB2EA	E58597
8FB2EB	E58598
8FB2EC	E5859F
8FB2ED	E585A4
8FB2EE	E585A6
8FB2EF	E585BE
8FB2F0	E58683
8FB2F1	E58684
8FB2F2	E5868B
8FB2F3	E5868E
8FB2F4	E58698
8FB2F5	E5869D
8FB2F6	E586A1
8FB2F7	E586A3
8FB2F8	E586AD
8FB2F9	E586B8
8FB2FA	E586BA
8FB2FB	E586BC
8FB2FC	E586BE
8FB2FD	E586BF
8FB2FE	E58782
8FB3A1	E58788
8FB3A2	E5878F
8FB3A3	E58791
8FB3A4	E58792
8FB3A5	E58793
8FB3A6	E58795
8FB3A7	E58798
8FB3A8	E5879E
8FB3A9	E587A2
8FB3AA	E587A5
8FB3AB	E587AE
8FB3AC	E587B2
8FB3AD	E587B3
8FB3AE	E587B4
8FB3AF	E587B7
8FB3B0	E58881
8FB3B1	E58882
8FB3B2	E58885
8FB3B3	E58892
8FB3B4	E58893
8FB3B5	E58895
8FB3B6	E58896
8FB3B7	E58898
8FB3B8	E588A2
8FB3B9	E588A8
8FB3BA	E588B1
8FB3BB	E588B2
8FB3BC	E588B5
8FB3BD	E588BC
8FB3BE	E58985
8FB3BF	E58989
8FB3C0	E58995
8FB3C1	E58997
8FB3C2	E58998
8FB3C3	E5899A
8FB3C4	E5899C
8FB3C5	E5899F
8FB3C6	E589A0
8FB3C7	E589A1
8FB3C8	E589A6
8FB3C9	E589AE
8FB3CA	E589B7
8FB3CB	E589B8
8FB3CC	E589B9
8FB3CD	E58A80
8FB3CE	E58A82
8FB3CF	E58A85
8FB3D0	E58A8A
8FB3D1	E58A8C
8FB3D2	E58A93
8FB3D3	E58A95
8FB3D4	E58A96
8FB3D5	E58A97
8FB3D6	E58A98
8FB3D7	E58A9A
8FB3D8	E58A9C
8FB3D9	E58AA4
8FB3DA	E58AA5
8FB3DB	E58AA6
8FB3DC	E58AA7
8FB3DD	E58AAF
8FB3DE	E58AB0
8FB3DF	E58AB6
8FB3E0	E58AB7
8FB3E1	E58AB8
8FB3E2	E58ABA
8FB3E3	E58ABB
8FB3E4	E58ABD
8FB3E5	E58B80
8FB3E6	E58B84
8FB3E7	E58B86
8FB3E8	E58B88
8FB3E9	E58B8C
8FB3EA	E58B8F
8FB3EB	E58B91
8FB3EC	E58B94
8FB3ED	E58B96
8FB3EE	E58B9B
8FB3EF	E58B9C
8FB3F0	E58BA1
8FB3F1	E58BA5
8FB3F2	E58BA8
8FB3F3	E58BA9
8FB3F4	E58BAA
8FB3F5	E58BAC
8FB3F6	E58BB0
8FB3F7	E58BB1
8FB3F8	E58BB4
8FB3F9	E58BB6
8FB3FA	E58BB7
8FB3FB	E58C80
8FB3FC	E58C83
8FB3FD	E58C8A
8FB3FE	E58C8B
8FB4A1	E58C8C
8FB4A2	E58C91
8FB4A3	E58C93
8FB4A4	E58C98
8FB4A5	E58C9B
8FB4A6	E58C9C
8FB4A7	E58C9E
8FB4A8	E58C9F
8FB4A9	E58CA5
8FB4AA	E58CA7
8FB4AB	E58CA8
8FB4AC	E58CA9
8FB4AD	E58CAB
8FB4AE	E58CAC
8FB4AF	E58CAD
8FB4B0	E58CB0
8FB4B1	E58CB2
8FB4B2	E58CB5
8FB4B3	E58CBC
8FB4B4	E58CBD
8FB4B5	E58CBE
8FB4B6	E58D82
8FB4B7	E58D8C
8FB4B8	E58D8B
8FB4B9	E58D99
8FB4BA	E58D9B
8FB4BB	E58DA1
8FB4BC	E58DA3
8FB4BD	E58DA5
8FB4BE	E58DAC
8FB4BF	E58DAD
8FB4C0	E58DB2
8FB4C1	E58DB9
8FB4C2	E58DBE
8FB4C3	E58E83
8FB4C4	E58E87
8FB4C5	E58E88
8FB4C6	E58E8E
8FB4C7	E58E93
8FB4C8	E58E94
8FB4C9	E58E99
8FB4CA	E58E9D
8FB4CB	E58EA1
8FB4CC	E58EA4
8FB4CD	E58EAA
8FB4CE	E58EAB
8FB4CF	E58EAF
8FB4D0	E58EB2
8FB4D1	E58EB4
8FB4D2	E58EB5
8FB4D3	E58EB7
8FB4D4	E58EB8
8FB4D5	E58EBA
8FB4D6	E58EBD
8FB4D7	E58F80
8FB4D8	E58F85
8FB4D9	E58F8F
8FB4DA	E58F92
8FB4DB	E58F93
8FB4DC	E58F95
8FB4DD	E58F9A
8FB4DE	E58F9D
8FB4DF	E58F9E
8FB4E0	E58FA0
8FB4E1	E58FA6
8FB4E2	E58FA7
8FB4E3	E58FB5
8FB4E4	E59082
8FB4E5	E59093
8FB4E6	E5909A
8FB4E7	E590A1
8FB4E8	E590A7
8FB4E9	E590A8
8FB4EA	E590AA
8FB4EB	E590AF
8FB4EC	E590B1
8FB4ED	E590B4
8FB4EE	E590B5
8FB4EF	E59183
8FB4F0	E59184
8FB4F1	E59187
8FB4F2	E5918D
8FB4F3	E5918F
8FB4F4	E5919E
8FB4F5	E591A2
8FB4F6	E591A4
8FB4F7	E591A6
8FB4F8	E591A7
8FB4F9	E591A9
8FB4FA	E591AB
8FB4FB	E591AD
8FB4FC	E591AE
8FB4FD	E591B4
8FB4FE	E591BF
8FB5A1	E59281
8FB5A2	E59283
8FB5A3	E59285
8FB5A4	E59288
8FB5A5	E59289
8FB5A6	E5928D
8FB5A7	E59291
8FB5A8	E59295
8FB5A9	E59296
8FB5AA	E5929C
8FB5AB	E5929F
8FB5AC	E592A1
8FB5AD	E592A6
8FB5AE	E592A7
8FB5AF	E592A9
8FB5B0	E592AA
8FB5B1	E592AD
8FB5B2	E592AE
8FB5B3	E592B1
8FB5B4	E592B7
8FB5B5	E592B9
8FB5B6	E592BA
8FB5B7	E592BB
8FB5B8	E592BF
8FB5B9	E59386
8FB5BA	E5938A
8FB5BB	E5938D
8FB5BC	E5938E
8FB5BD	E593A0
8FB5BE	E593AA
8FB5BF	E593AC
8FB5C0	E593AF
8FB5C1	E593B6
8FB5C2	E593BC
8FB5C3	E593BE
8FB5C4	E593BF
8FB5C5	E59480
8FB5C6	E59481
8FB5C7	E59485
8FB5C8	E59488
8FB5C9	E59489
8FB5CA	E5948C
8FB5CB	E5948D
8FB5CC	E5948E
8FB5CD	E59495
8FB5CE	E594AA
8FB5CF	E594AB
8FB5D0	E594B2
8FB5D1	E594B5
8FB5D2	E594B6
8FB5D3	E594BB
8FB5D4	E594BC
8FB5D5	E594BD
8FB5D6	E59581
8FB5D7	E59587
8FB5D8	E59589
8FB5D9	E5958A
8FB5DA	E5958D
8FB5DB	E59590
8FB5DC	E59591
8FB5DD	E59598
8FB5DE	E5959A
8FB5DF	E5959B
8FB5E0	E5959E
8FB5E1	E595A0
8FB5E2	E595A1
8FB5E3	E595A4
8FB5E4	E595A6
8FB5E5	E595BF
8FB5E6	E59681
8FB5E7	E59682
8FB5E8	E59686
8FB5E9	E59688
8FB5EA	E5968E
8FB5EB	E5968F
8FB5EC	E59691
8FB5ED	E59692
8FB5EE	E59693
8FB5EF	E59694
8FB5F0	E59697
8FB5F1	E596A3
8FB5F2	E596A4
8FB5F3	E596AD
8FB5F4	E596B2
8FB5F5	E596BF
8FB5F6	E59781
8FB5F7	E59783
8FB5F8	E59786
8FB5F9	E59789
8FB5FA	E5978B
8FB5FB	E5978C
8FB5FC	E5978E
8FB5FD	E59791
8FB5FE	E59792
8FB6A1	E59793
8FB6A2	E59797
8FB6A3	E59798
8FB6A4	E5979B
8FB6A5	E5979E
8FB6A6	E597A2
8FB6A7	E597A9
8FB6A8	E597B6
8FB6A9	E597BF
8FB6AA	E59885
8FB6AB	E59888
8FB6AC	E5988A
8FB6AD	E5988D
8FB6AE	E5988E
8FB6AF	E5988F
8FB6B0	E59890
8FB6B1	E59891
8FB6B2	E59892
8FB6B3	E59899
8FB6B4	E598AC
8FB6B5	E598B0
8FB6B6	E598B3
8FB6B7	E598B5
8FB6B8	E598B7
8FB6B9	E598B9
8FB6BA	E598BB
8FB6BB	E598BC
8FB6BC	E598BD
8FB6BD	E598BF
8FB6BE	E59980
8FB6BF	E59981
8FB6C0	E59983
8FB6C1	E59984
8FB6C2	E59986
8FB6C3	E59989
8FB6C4	E5998B
8FB6C5	E5998D
8FB6C6	E5998F
8FB6C7	E59994
8FB6C8	E5999E
8FB6C9	E599A0
8FB6CA	E599A1
8FB6CB	E599A2
8FB6CC	E599A3
8FB6CD	E599A6
8FB6CE	E599A9
8FB6CF	E599AD
8FB6D0	E599AF
8FB6D1	E599B1
8FB6D2	E599B2
8FB6D3	E599B5
8FB6D4	E59A84
8FB6D5	E59A85
8FB6D6	E59A88
8FB6D7	E59A8B
8FB6D8	E59A8C
8FB6D9	E59A95
8FB6DA	E59A99
8FB6DB	E59A9A
8FB6DC	E59A9D
8FB6DD	E59A9E
8FB6DE	E59A9F
8FB6DF	E59AA6
8FB6E0	E59AA7
8FB6E1	E59AA8
8FB6E2	E59AA9
8FB6E3	E59AAB
8FB6E4	E59AAC
8FB6E5	E59AAD
8FB6E6	E59AB1
8FB6E7	E59AB3
8FB6E8	E59AB7
8FB6E9	E59ABE
8FB6EA	E59B85
8FB6EB	E59B89
8FB6EC	E59B8A
8FB6ED	E59B8B
8FB6EE	E59B8F
8FB6EF	E59B90
8FB6F0	E59B8C
8FB6F1	E59B8D
8FB6F2	E59B99
8FB6F3	E59B9C
8FB6F4	E59B9D
8FB6F5	E59B9F
8FB6F6	E59BA1
8FB6F7	E59BA4
8FB6F8	E59BA5
8FB6F9	E59BA6
8FB6FA	E59BA7
8FB6FB	E59BA8
8FB6FC	E59BB1
8FB6FD	E59BAB
8FB6FE	E59BAD
8FB7A1	E59BB6
8FB7A2	E59BB7
8FB7A3	E59C81
8FB7A4	E59C82
8FB7A5	E59C87
8FB7A6	E59C8A
8FB7A7	E59C8C
8FB7A8	E59C91
8FB7A9	E59C95
8FB7AA	E59C9A
8FB7AB	E59C9B
8FB7AC	E59C9D
8FB7AD	E59CA0
8FB7AE	E59CA2
8FB7AF	E59CA3
8FB7B0	E59CA4
8FB7B1	E59CA5
8FB7B2	E59CA9
8FB7B3	E59CAA
8FB7B4	E59CAC
8FB7B5	E59CAE
8FB7B6	E59CAF
8FB7B7	E59CB3
8FB7B8	E59CB4
8FB7B9	E59CBD
8FB7BA	E59CBE
8FB7BB	E59CBF
8FB7BC	E59D85
8FB7BD	E59D86
8FB7BE	E59D8C
8FB7BF	E59D8D
8FB7C0	E59D92
8FB7C1	E59DA2
8FB7C2	E59DA5
8FB7C3	E59DA7
8FB7C4	E59DA8
8FB7C5	E59DAB
8FB7C6	E59DAD
8FB7C7	E59DAE
8FB7C8	E59DAF
8FB7C9	E59DB0
8FB7CA	E59DB1
8FB7CB	E59DB3
8FB7CC	E59DB4
8FB7CD	E59DB5
8FB7CE	E59DB7
8FB7CF	E59DB9
8FB7D0	E59DBA
8FB7D1	E59DBB
8FB7D2	E59DBC
8FB7D3	E59DBE
8FB7D4	E59E81
8FB7D5	E59E83
8FB7D6	E59E8C
8FB7D7	E59E94
8FB7D8	E59E97
8FB7D9	E59E99
8FB7DA	E59E9A
8FB7DB	E59E9C
8FB7DC	E59E9D
8FB7DD	E59E9E
8FB7DE	E59E9F
8FB7DF	E59EA1
8FB7E0	E59E95
8FB7E1	E59EA7
8FB7E2	E59EA8
8FB7E3	E59EA9
8FB7E4	E59EAC
8FB7E5	E59EB8
8FB7E6	E59EBD
8FB7E7	E59F87
8FB7E8	E59F88
8FB7E9	E59F8C
8FB7EA	E59F8F
8FB7EB	E59F95
8FB7EC	E59F9D
8FB7ED	E59F9E
8FB7EE	E59FA4
8FB7EF	E59FA6
8FB7F0	E59FA7
8FB7F1	E59FA9
8FB7F2	E59FAD
8FB7F3	E59FB0
8FB7F4	E59FB5
8FB7F5	E59FB6
8FB7F6	E59FB8
8FB7F7	E59FBD
8FB7F8	E59FBE
8FB7F9	E59FBF
8FB7FA	E5A083
8FB7FB	E5A084
8FB7FC	E5A088
8FB7FD	E5A089
8FB7FE	E59FA1
8FB8A1	E5A08C
8FB8A2	E5A08D
8FB8A3	E5A09B
8FB8A4	E5A09E
8FB8A5	E5A09F
8FB8A6	E5A0A0
8FB8A7	E5A0A6
8FB8A8	E5A0A7
8FB8A9	E5A0AD
8FB8AA	E5A0B2
8FB8AB	E5A0B9
8FB8AC	E5A0BF
8FB8AD	E5A189
8FB8AE	E5A18C
8FB8AF	E5A18D
8FB8B0	E5A18F
8FB8B1	E5A190
8FB8B2	E5A195
8FB8B3	E5A19F
8FB8B4	E5A1A1
8FB8B5	E5A1A4
8FB8B6	E5A1A7
8FB8B7	E5A1A8
8FB8B8	E5A1B8
8FB8B9	E5A1BC
8FB8BA	E5A1BF
8FB8BB	E5A280
8FB8BC	E5A281
8FB8BD	E5A287
8FB8BE	E5A288
8FB8BF	E5A289
8FB8C0	E5A28A
8FB8C1	E5A28C
8FB8C2	E5A28D
8FB8C3	E5A28F
8FB8C4	E5A290
8FB8C5	E5A294
8FB8C6	E5A296
8FB8C7	E5A29D
8FB8C8	E5A2A0
8FB8C9	E5A2A1
8FB8CA	E5A2A2
8FB8CB	E5A2A6
8FB8CC	E5A2A9
8FB8CD	E5A2B1
8FB8CE	E5A2B2
8FB8CF	E5A384
8FB8D0	E5A2BC
8FB8D1	E5A382
8FB8D2	E5A388
8FB8D3	E5A38D
8FB8D4	E5A38E
8FB8D5	E5A390
8FB8D6	E5A392
8FB8D7	E5A394
8FB8D8	E5A396
8FB8D9	E5A39A
8FB8DA	E5A39D
8FB8DB	E5A3A1
8FB8DC	E5A3A2
8FB8DD	E5A3A9
8FB8DE	E5A3B3
8FB8DF	E5A485
8FB8E0	E5A486
8FB8E1	E5A48B
8FB8E2	E5A48C
8FB8E3	E5A492
8FB8E4	E5A493
8FB8E5	E5A494
8FB8E6	E89981
8FB8E7	E5A49D
8FB8E8	E5A4A1
8FB8E9	E5A4A3
8FB8EA	E5A4A4
8FB8EB	E5A4A8
8FB8EC	E5A4AF
8FB8ED	E5A4B0
8FB8EE	E5A4B3
8FB8EF	E5A4B5
8FB8F0	E5A4B6
8FB8F1	E5A4BF
8FB8F2	E5A583
8FB8F3	E5A586
8FB8F4	E5A592
8FB8F5	E5A593
8FB8F6	E5A599
8FB8F7	E5A59B
8FB8F8	E5A59D
8FB8F9	E5A59E
8FB8FA	E5A59F
8FB8FB	E5A5A1
8FB8FC	E5A5A3
8FB8FD	E5A5AB
8FB8FE	E5A5AD
8FB9A1	E5A5AF
8FB9A2	E5A5B2
8FB9A3	E5A5B5
8FB9A4	E5A5B6
8FB9A5	E5A5B9
8FB9A6	E5A5BB
8FB9A7	E5A5BC
8FB9A8	E5A68B
8FB9A9	E5A68C
8FB9AA	E5A68E
8FB9AB	E5A692
8FB9AC	E5A695
8FB9AD	E5A697
8FB9AE	E5A69F
8FB9AF	E5A6A4
8FB9B0	E5A6A7
8FB9B1	E5A6AD
8FB9B2	E5A6AE
8FB9B3	E5A6AF
8FB9B4	E5A6B0
8FB9B5	E5A6B3
8FB9B6	E5A6B7
8FB9B7	E5A6BA
8FB9B8	E5A6BC
8FB9B9	E5A781
8FB9BA	E5A783
8FB9BB	E5A784
8FB9BC	E5A788
8FB9BD	E5A78A
8FB9BE	E5A78D
8FB9BF	E5A792
8FB9C0	E5A79D
8FB9C1	E5A79E
8FB9C2	E5A79F
8FB9C3	E5A7A3
8FB9C4	E5A7A4
8FB9C5	E5A7A7
8FB9C6	E5A7AE
8FB9C7	E5A7AF
8FB9C8	E5A7B1
8FB9C9	E5A7B2
8FB9CA	E5A7B4
8FB9CB	E5A7B7
8FB9CC	E5A880
8FB9CD	E5A884
8FB9CE	E5A88C
8FB9CF	E5A88D
8FB9D0	E5A88E
8FB9D1	E5A892
8FB9D2	E5A893
8FB9D3	E5A89E
8FB9D4	E5A8A3
8FB9D5	E5A8A4
8FB9D6	E5A8A7
8FB9D7	E5A8A8
8FB9D8	E5A8AA
8FB9D9	E5A8AD
8FB9DA	E5A8B0
8FB9DB	E5A984
8FB9DC	E5A985
8FB9DD	E5A987
8FB9DE	E5A988
8FB9DF	E5A98C
8FB9E0	E5A990
8FB9E1	E5A995
8FB9E2	E5A99E
8FB9E3	E5A9A3
8FB9E4	E5A9A5
8FB9E5	E5A9A7
8FB9E6	E5A9AD
8FB9E7	E5A9B7
8FB9E8	E5A9BA
8FB9E9	E5A9BB
8FB9EA	E5A9BE
8FB9EB	E5AA8B
8FB9EC	E5AA90
8FB9ED	E5AA93
8FB9EE	E5AA96
8FB9EF	E5AA99
8FB9F0	E5AA9C
8FB9F1	E5AA9E
8FB9F2	E5AA9F
8FB9F3	E5AAA0
8FB9F4	E5AAA2
8FB9F5	E5AAA7
8FB9F6	E5AAAC
8FB9F7	E5AAB1
8FB9F8	E5AAB2
8FB9F9	E5AAB3
8FB9FA	E5AAB5
8FB9FB	E5AAB8
8FB9FC	E5AABA
8FB9FD	E5AABB
8FB9FE	E5AABF
8FBAA1	E5AB84
8FBAA2	E5AB86
8FBAA3	E5AB88
8FBAA4	E5AB8F
8FBAA5	E5AB9A
8FBAA6	E5AB9C
8FBAA7	E5ABA0
8FBAA8	E5ABA5
8FBAA9	E5ABAA
8FBAAA	E5ABAE
8FBAAB	E5ABB5
8FBAAC	E5ABB6
8FBAAD	E5ABBD
8FBAAE	E5AC80
8FBAAF	E5AC81
8FBAB0	E5AC88
8FBAB1	E5AC97
8FBAB2	E5ACB4
8FBAB3	E5AC99
8FBAB4	E5AC9B
8FBAB5	E5AC9D
8FBAB6	E5ACA1
8FBAB7	E5ACA5
8FBAB8	E5ACAD
8FBAB9	E5ACB8
8FBABA	E5AD81
8FBABB	E5AD8B
8FBABC	E5AD8C
8FBABD	E5AD92
8FBABE	E5AD96
8FBABF	E5AD9E
8FBAC0	E5ADA8
8FBAC1	E5ADAE
8FBAC2	E5ADAF
8FBAC3	E5ADBC
8FBAC4	E5ADBD
8FBAC5	E5ADBE
8FBAC6	E5ADBF
8FBAC7	E5AE81
8FBAC8	E5AE84
8FBAC9	E5AE86
8FBACA	E5AE8A
8FBACB	E5AE8E
8FBACC	E5AE90
8FBACD	E5AE91
8FBACE	E5AE93
8FBACF	E5AE94
8FBAD0	E5AE96
8FBAD1	E5AEA8
8FBAD2	E5AEA9
8FBAD3	E5AEAC
8FBAD4	E5AEAD
8FBAD5	E5AEAF
8FBAD6	E5AEB1
8FBAD7	E5AEB2
8FBAD8	E5AEB7
8FBAD9	E5AEBA
8FBADA	E5AEBC
8FBADB	E5AF80
8FBADC	E5AF81
8FBADD	E5AF8D
8FBADE	E5AF8F
8FBADF	E5AF96
8FBAE0	E5AF97
8FBAE1	E5AF98
8FBAE2	E5AF99
8FBAE3	E5AF9A
8FBAE4	E5AFA0
8FBAE5	E5AFAF
8FBAE6	E5AFB1
8FBAE7	E5AFB4
8FBAE8	E5AFBD
8FBAE9	E5B08C
8FBAEA	E5B097
8FBAEB	E5B09E
8FBAEC	E5B09F
8FBAED	E5B0A3
8FBAEE	E5B0A6
8FBAEF	E5B0A9
8FBAF0	E5B0AB
8FBAF1	E5B0AC
8FBAF2	E5B0AE
8FBAF3	E5B0B0
8FBAF4	E5B0B2
8FBAF5	E5B0B5
8FBAF6	E5B0B6
8FBAF7	E5B199
8FBAF8	E5B19A
8FBAF9	E5B19C
8FBAFA	E5B1A2
8FBAFB	E5B1A3
8FBAFC	E5B1A7
8FBAFD	E5B1A8
8FBAFE	E5B1A9
8FBBA1	E5B1AD
8FBBA2	E5B1B0
8FBBA3	E5B1B4
8FBBA4	E5B1B5
8FBBA5	E5B1BA
8FBBA6	E5B1BB
8FBBA7	E5B1BC
8FBBA8	E5B1BD
8FBBA9	E5B287
8FBBAA	E5B288
8FBBAB	E5B28A
8FBBAC	E5B28F
8FBBAD	E5B292
8FBBAE	E5B29D
8FBBAF	E5B29F
8FBBB0	E5B2A0
8FBBB1	E5B2A2
8FBBB2	E5B2A3
8FBBB3	E5B2A6
8FBBB4	E5B2AA
8FBBB5	E5B2B2
8FBBB6	E5B2B4
8FBBB7	E5B2B5
8FBBB8	E5B2BA
8FBBB9	E5B389
8FBBBA	E5B38B
8FBBBB	E5B392
8FBBBC	E5B39D
8FBBBD	E5B397
8FBBBE	E5B3AE
8FBBBF	E5B3B1
8FBBC0	E5B3B2
8FBBC1	E5B3B4
8FBBC2	E5B481
8FBBC3	E5B486
8FBBC4	E5B48D
8FBBC5	E5B492
8FBBC6	E5B4AB
8FBBC7	E5B4A3
8FBBC8	E5B4A4
8FBBC9	E5B4A6
8FBBCA	E5B4A7
8FBBCB	E5B4B1
8FBBCC	E5B4B4
8FBBCD	E5B4B9
8FBBCE	E5B4BD
8FBBCF	E5B4BF
8FBBD0	E5B582
8FBBD1	E5B583
8FBBD2	E5B586
8FBBD3	E5B588
8FBBD4	E5B595
8FBBD5	E5B591
8FBBD6	E5B599
8FBBD7	E5B58A
8FBBD8	E5B59F
8FBBD9	E5B5A0
8FBBDA	E5B5A1
8FBBDB	E5B5A2
8FBBDC	E5B5A4
8FBBDD	E5B5AA
8FBBDE	E5B5AD
8FBBDF	E5B5B0
8FBBE0	E5B5B9
8FBBE1	E5B5BA
8FBBE2	E5B5BE
8FBBE3	E5B5BF
8FBBE4	E5B681
8FBBE5	E5B683
8FBBE6	E5B688
8FBBE7	E5B68A
8FBBE8	E5B692
8FBBE9	E5B693
8FBBEA	E5B694
8FBBEB	E5B695
8FBBEC	E5B699
8FBBED	E5B69B
8FBBEE	E5B69F
8FBBEF	E5B6A0
8FBBF0	E5B6A7
8FBBF1	E5B6AB
8FBBF2	E5B6B0
8FBBF3	E5B6B4
8FBBF4	E5B6B8
8FBBF5	E5B6B9
8FBBF6	E5B783
8FBBF7	E5B787
8FBBF8	E5B78B
8FBBF9	E5B790
8FBBFA	E5B78E
8FBBFB	E5B798
8FBBFC	E5B799
8FBBFD	E5B7A0
8FBBFE	E5B7A4
8FBCA1	E5B7A9
8FBCA2	E5B7B8
8FBCA3	E5B7B9
8FBCA4	E5B880
8FBCA5	E5B887
8FBCA6	E5B88D
8FBCA7	E5B892
8FBCA8	E5B894
8FBCA9	E5B895
8FBCAA	E5B898
8FBCAB	E5B89F
8FBCAC	E5B8A0
8FBCAD	E5B8AE
8FBCAE	E5B8A8
8FBCAF	E5B8B2
8FBCB0	E5B8B5
8FBCB1	E5B8BE
8FBCB2	E5B98B
8FBCB3	E5B990
8FBCB4	E5B989
8FBCB5	E5B991
8FBCB6	E5B996
8FBCB7	E5B998
8FBCB8	E5B99B
8FBCB9	E5B99C
8FBCBA	E5B99E
8FBCBB	E5B9A8
8FBCBC	E5B9AA
8FBCBD	E5B9AB
8FBCBE	E5B9AC
8FBCBF	E5B9AD
8FBCC0	E5B9AE
8FBCC1	E5B9B0
8FBCC2	E5BA80
8FBCC3	E5BA8B
8FBCC4	E5BA8E
8FBCC5	E5BAA2
8FBCC6	E5BAA4
8FBCC7	E5BAA5
8FBCC8	E5BAA8
8FBCC9	E5BAAA
8FBCCA	E5BAAC
8FBCCB	E5BAB1
8FBCCC	E5BAB3
8FBCCD	E5BABD
8FBCCE	E5BABE
8FBCCF	E5BABF
8FBCD0	E5BB86
8FBCD1	E5BB8C
8FBCD2	E5BB8B
8FBCD3	E5BB8E
8FBCD4	E5BB91
8FBCD5	E5BB92
8FBCD6	E5BB94
8FBCD7	E5BB95
8FBCD8	E5BB9C
8FBCD9	E5BB9E
8FBCDA	E5BBA5
8FBCDB	E5BBAB
8FBCDC	E5BC82
8FBCDD	E5BC86
8FBCDE	E5BC87
8FBCDF	E5BC88
8FBCE0	E5BC8E
8FBCE1	E5BC99
8FBCE2	E5BC9C
8FBCE3	E5BC9D
8FBCE4	E5BCA1
8FBCE5	E5BCA2
8FBCE6	E5BCA3
8FBCE7	E5BCA4
8FBCE8	E5BCA8
8FBCE9	E5BCAB
8FBCEA	E5BCAC
8FBCEB	E5BCAE
8FBCEC	E5BCB0
8FBCED	E5BCB4
8FBCEE	E5BCB6
8FBCEF	E5BCBB
8FBCF0	E5BCBD
8FBCF1	E5BCBF
8FBCF2	E5BD80
8FBCF3	E5BD84
8FBCF4	E5BD85
8FBCF5	E5BD87
8FBCF6	E5BD8D
8FBCF7	E5BD90
8FBCF8	E5BD94
8FBCF9	E5BD98
8FBCFA	E5BD9B
8FBCFB	E5BDA0
8FBCFC	E5BDA3
8FBCFD	E5BDA4
8FBCFE	E5BDA7
8FBDA1	E5BDAF
8FBDA2	E5BDB2
8FBDA3	E5BDB4
8FBDA4	E5BDB5
8FBDA5	E5BDB8
8FBDA6	E5BDBA
8FBDA7	E5BDBD
8FBDA8	E5BDBE
8FBDA9	E5BE89
8FBDAA	E5BE8D
8FBDAB	E5BE8F
8FBDAC	E5BE96
8FBDAD	E5BE9C
8FBDAE	E5BE9D
8FBDAF	E5BEA2
8FBDB0	E5BEA7
8FBDB1	E5BEAB
8FBDB2	E5BEA4
8FBDB3	E5BEAC
8FBDB4	E5BEAF
8FBDB5	E5BEB0
8FBDB6	E5BEB1
8FBDB7	E5BEB8
8FBDB8	E5BF84
8FBDB9	E5BF87
8FBDBA	E5BF88
8FBDBB	E5BF89
8FBDBC	E5BF8B
8FBDBD	E5BF90
8FBDBE	E5BF91
8FBDBF	E5BF92
8FBDC0	E5BF93
8FBDC1	E5BF94
8FBDC2	E5BF9E
8FBDC3	E5BFA1
8FBDC4	E5BFA2
8FBDC5	E5BFA8
8FBDC6	E5BFA9
8FBDC7	E5BFAA
8FBDC8	E5BFAC
8FBDC9	E5BFAD
8FBDCA	E5BFAE
8FBDCB	E5BFAF
8FBDCC	E5BFB2
8FBDCD	E5BFB3
8FBDCE	E5BFB6
8FBDCF	E5BFBA
8FBDD0	E5BFBC
8FBDD1	E68087
8FBDD2	E6808A
8FBDD3	E6808D
8FBDD4	E68093
8FBDD5	E68094
8FBDD6	E68097
8FBDD7	E68098
8FBDD8	E6809A
8FBDD9	E6809F
8FBDDA	E680A4
8FBDDB	E680AD
8FBDDC	E680B3
8FBDDD	E680B5
8FBDDE	E68180
8FBDDF	E68187
8FBDE0	E68188
8FBDE1	E68189
8FBDE2	E6818C
8FBDE3	E68191
8FBDE4	E68194
8FBDE5	E68196
8FBDE6	E68197
8FBDE7	E6819D
8FBDE8	E681A1
8FBDE9	E681A7
8FBDEA	E681B1
8FBDEB	E681BE
8FBDEC	E681BF
8FBDED	E68282
8FBDEE	E68286
8FBDEF	E68288
8FBDF0	E6828A
8FBDF1	E6828E
8FBDF2	E68291
8FBDF3	E68293
8FBDF4	E68295
8FBDF5	E68298
8FBDF6	E6829D
8FBDF7	E6829E
8FBDF8	E682A2
8FBDF9	E682A4
8FBDFA	E682A5
8FBDFB	E682A8
8FBDFC	E682B0
8FBDFD	E682B1
8FBDFE	E682B7
8FBEA1	E682BB
8FBEA2	E682BE
8FBEA3	E68382
8FBEA4	E68384
8FBEA5	E68388
8FBEA6	E68389
8FBEA7	E6838A
8FBEA8	E6838B
8FBEA9	E6838E
8FBEAA	E6838F
8FBEAB	E68394
8FBEAC	E68395
8FBEAD	E68399
8FBEAE	E6839B
8FBEAF	E6839D
8FBEB0	E6839E
8FBEB1	E683A2
8FBEB2	E683A5
8FBEB3	E683B2
8FBEB4	E683B5
8FBEB5	E683B8
8FBEB6	E683BC
8FBEB7	E683BD
8FBEB8	E68482
8FBEB9	E68487
8FBEBA	E6848A
8FBEBB	E6848C
8FBEBC	E68490
8FBEBD	E68491
8FBEBE	E68492
8FBEBF	E68493
8FBEC0	E68494
8FBEC1	E68496
8FBEC2	E68497
8FBEC3	E68499
8FBEC4	E6849C
8FBEC5	E6849E
8FBEC6	E684A2
8FBEC7	E684AA
8FBEC8	E684AB
8FBEC9	E684B0
8FBECA	E684B1
8FBECB	E684B5
8FBECC	E684B6
8FBECD	E684B7
8FBECE	E684B9
8FBECF	E68581
8FBED0	E68585
8FBED1	E68586
8FBED2	E68589
8FBED3	E6859E
8FBED4	E685A0
8FBED5	E685AC
8FBED6	E685B2
8FBED7	E685B8
8FBED8	E685BB
8FBED9	E685BC
8FBEDA	E685BF
8FBEDB	E68680
8FBEDC	E68681
8FBEDD	E68683
8FBEDE	E68684
8FBEDF	E6868B
8FBEE0	E6868D
8FBEE1	E68692
8FBEE2	E68693
8FBEE3	E68697
8FBEE4	E68698
8FBEE5	E6869C
8FBEE6	E6869D
8FBEE7	E6869F
8FBEE8	E686A0
8FBEE9	E686A5
8FBEEA	E686A8
8FBEEB	E686AA
8FBEEC	E686AD
8FBEED	E686B8
8FBEEE	E686B9
8FBEEF	E686BC
8FBEF0	E68780
8FBEF1	E68781
8FBEF2	E68782
8FBEF3	E6878E
8FBEF4	E6878F
8FBEF5	E68795
8FBEF6	E6879C
8FBEF7	E6879D
8FBEF8	E6879E
8FBEF9	E6879F
8FBEFA	E687A1
8FBEFB	E687A2
8FBEFC	E687A7
8FBEFD	E687A9
8FBEFE	E687A5
8FBFA1	E687AC
8FBFA2	E687AD
8FBFA3	E687AF
8FBFA4	E68881
8FBFA5	E68883
8FBFA6	E68884
8FBFA7	E68887
8FBFA8	E68893
8FBFA9	E68895
8FBFAA	E6889C
8FBFAB	E688A0
8FBFAC	E688A2
8FBFAD	E688A3
8FBFAE	E688A7
8FBFAF	E688A9
8FBFB0	E688AB
8FBFB1	E688B9
8FBFB2	E688BD
8FBFB3	E68982
8FBFB4	E68983
8FBFB5	E68984
8FBFB6	E68986
8FBFB7	E6898C
8FBFB8	E68990
8FBFB9	E68991
8FBFBA	E68992
8FBFBB	E68994
8FBFBC	E68996
8FBFBD	E6899A
8FBFBE	E6899C
8FBFBF	E689A4
8FBFC0	E689AD
8FBFC1	E689AF
8FBFC2	E689B3
8FBFC3	E689BA
8FBFC4	E689BD
8FBFC5	E68A8D
8FBFC6	E68A8E
8FBFC7	E68A8F
8FBFC8	E68A90
8FBFC9	E68AA6
8FBFCA	E68AA8
8FBFCB	E68AB3
8FBFCC	E68AB6
8FBFCD	E68AB7
8FBFCE	E68ABA
8FBFCF	E68ABE
8FBFD0	E68ABF
8FBFD1	E68B84
8FBFD2	E68B8E
8FBFD3	E68B95
8FBFD4	E68B96
8FBFD5	E68B9A
8FBFD6	E68BAA
8FBFD7	E68BB2
8FBFD8	E68BB4
8FBFD9	E68BBC
8FBFDA	E68BBD
8FBFDB	E68C83
8FBFDC	E68C84
8FBFDD	E68C8A
8FBFDE	E68C8B
8FBFDF	E68C8D
8FBFE0	E68C90
8FBFE1	E68C93
8FBFE2	E68C96
8FBFE3	E68C98
8FBFE4	E68CA9
8FBFE5	E68CAA
8FBFE6	E68CAD
8FBFE7	E68CB5
8FBFE8	E68CB6
8FBFE9	E68CB9
8FBFEA	E68CBC
8FBFEB	E68D81
8FBFEC	E68D82
8FBFED	E68D83
8FBFEE	E68D84
8FBFEF	E68D86
8FBFF0	E68D8A
8FBFF1	E68D8B
8FBFF2	E68D8E
8FBFF3	E68D92
8FBFF4	E68D93
8FBFF5	E68D94
8FBFF6	E68D98
8FBFF7	E68D9B
8FBFF8	E68DA5
8FBFF9	E68DA6
8FBFFA	E68DAC
8FBFFB	E68DAD
8FBFFC	E68DB1
8FBFFD	E68DB4
8FBFFE	E68DB5
8FC0A1	E68DB8
8FC0A2	E68DBC
8FC0A3	E68DBD
8FC0A4	E68DBF
8FC0A5	E68E82
8FC0A6	E68E84
8FC0A7	E68E87
8FC0A8	E68E8A
8FC0A9	E68E90
8FC0AA	E68E94
8FC0AB	E68E95
8FC0AC	E68E99
8FC0AD	E68E9A
8FC0AE	E68E9E
8FC0AF	E68EA4
8FC0B0	E68EA6
8FC0B1	E68EAD
8FC0B2	E68EAE
8FC0B3	E68EAF
8FC0B4	E68EBD
8FC0B5	E68F81
8FC0B6	E68F85
8FC0B7	E68F88
8FC0B8	E68F8E
8FC0B9	E68F91
8FC0BA	E68F93
8FC0BB	E68F94
8FC0BC	E68F95
8FC0BD	E68F9C
8FC0BE	E68FA0
8FC0BF	E68FA5
8FC0C0	E68FAA
8FC0C1	E68FAC
8FC0C2	E68FB2
8FC0C3	E68FB3
8FC0C4	E68FB5
8FC0C5	E68FB8
8FC0C6	E68FB9
8FC0C7	E69089
8FC0C8	E6908A
8FC0C9	E69090
8FC0CA	E69092
8FC0CB	E69094
8FC0CC	E69098
8FC0CD	E6909E
8FC0CE	E690A0
8FC0CF	E690A2
8FC0D0	E690A4
8FC0D1	E690A5
8FC0D2	E690A9
8FC0D3	E690AA
8FC0D4	E690AF
8FC0D5	E690B0
8FC0D6	E690B5
8FC0D7	E690BD
8FC0D8	E690BF
8FC0D9	E6918B
8FC0DA	E6918F
8FC0DB	E69191
8FC0DC	E69192
8FC0DD	E69193
8FC0DE	E69194
8FC0DF	E6919A
8FC0E0	E6919B
8FC0E1	E6919C
8FC0E2	E6919D
8FC0E3	E6919F
8FC0E4	E691A0
8FC0E5	E691A1
8FC0E6	E691A3
8FC0E7	E691AD
8FC0E8	E691B3
8FC0E9	E691B4
8FC0EA	E691BB
8FC0EB	E691BD
8FC0EC	E69285
8FC0ED	E69287
8FC0EE	E6928F
8FC0EF	E69290
8FC0F0	E69291
8FC0F1	E69298
8FC0F2	E69299
8FC0F3	E6929B
8FC0F4	E6929D
8FC0F5	E6929F
8FC0F6	E692A1
8FC0F7	E692A3
8FC0F8	E692A6
8FC0F9	E692A8
8FC0FA	E692AC
8FC0FB	E692B3
8FC0FC	E692BD
8FC0FD	E692BE
8FC0FE	E692BF
8FC1A1	E69384
8FC1A2	E69389
8FC1A3	E6938A
8FC1A4	E6938B
8FC1A5	E6938C
8FC1A6	E6938E
8FC1A7	E69390
8FC1A8	E69391
8FC1A9	E69395
8FC1AA	E69397
8FC1AB	E693A4
8FC1AC	E693A5
8FC1AD	E693A9
8FC1AE	E693AA
8FC1AF	E693AD
8FC1B0	E693B0
8FC1B1	E693B5
8FC1B2	E693B7
8FC1B3	E693BB
8FC1B4	E693BF
8FC1B5	E69481
8FC1B6	E69484
8FC1B7	E69488
8FC1B8	E69489
8FC1B9	E6948A
8FC1BA	E6948F
8FC1BB	E69493
8FC1BC	E69494
8FC1BD	E69496
8FC1BE	E69499
8FC1BF	E6949B
8FC1C0	E6949E
8FC1C1	E6949F
8FC1C2	E694A2
8FC1C3	E694A6
8FC1C4	E694A9
8FC1C5	E694AE
8FC1C6	E694B1
8FC1C7	E694BA
8FC1C8	E694BC
8FC1C9	E694BD
8FC1CA	E69583
8FC1CB	E69587
8FC1CC	E69589
8FC1CD	E69590
8FC1CE	E69592
8FC1CF	E69594
8FC1D0	E6959F
8FC1D1	E695A0
8FC1D2	E695A7
8FC1D3	E695AB
8FC1D4	E695BA
8FC1D5	E695BD
8FC1D6	E69681
8FC1D7	E69685
8FC1D8	E6968A
8FC1D9	E69692
8FC1DA	E69695
8FC1DB	E69698
8FC1DC	E6969D
8FC1DD	E696A0
8FC1DE	E696A3
8FC1DF	E696A6
8FC1E0	E696AE
8FC1E1	E696B2
8FC1E2	E696B3
8FC1E3	E696B4
8FC1E4	E696BF
8FC1E5	E69782
8FC1E6	E69788
8FC1E7	E69789
8FC1E8	E6978E
8FC1E9	E69790
8FC1EA	E69794
8FC1EB	E69796
8FC1EC	E69798
8FC1ED	E6979F
8FC1EE	E697B0
8FC1EF	E697B2
8FC1F0	E697B4
8FC1F1	E697B5
8FC1F2	E697B9
8FC1F3	E697BE
8FC1F4	E697BF
8FC1F5	E69880
8FC1F6	E69884
8FC1F7	E69888
8FC1F8	E69889
8FC1F9	E6988D
8FC1FA	E69891
8FC1FB	E69892
8FC1FC	E69895
8FC1FD	E69896
8FC1FE	E6989D
8FC2A1	E6989E
8FC2A2	E698A1
8FC2A3	E698A2
8FC2A4	E698A3
8FC2A5	E698A4
8FC2A6	E698A6
8FC2A7	E698A9
8FC2A8	E698AA
8FC2A9	E698AB
8FC2AA	E698AC
8FC2AB	E698AE
8FC2AC	E698B0
8FC2AD	E698B1
8FC2AE	E698B3
8FC2AF	E698B9
8FC2B0	E698B7
8FC2B1	E69980
8FC2B2	E69985
8FC2B3	E69986
8FC2B4	E6998A
8FC2B5	E6998C
8FC2B6	E69991
8FC2B7	E6998E
8FC2B8	E69997
8FC2B9	E69998
8FC2BA	E69999
8FC2BB	E6999B
8FC2BC	E6999C
8FC2BD	E699A0
8FC2BE	E699A1
8FC2BF	E69BBB
8FC2C0	E699AA
8FC2C1	E699AB
8FC2C2	E699AC
8FC2C3	E699BE
8FC2C4	E699B3
8FC2C5	E699B5
8FC2C6	E699BF
8FC2C7	E699B7
8FC2C8	E699B8
8FC2C9	E699B9
8FC2CA	E699BB
8FC2CB	E69A80
8FC2CC	E699BC
8FC2CD	E69A8B
8FC2CE	E69A8C
8FC2CF	E69A8D
8FC2D0	E69A90
8FC2D1	E69A92
8FC2D2	E69A99
8FC2D3	E69A9A
8FC2D4	E69A9B
8FC2D5	E69A9C
8FC2D6	E69A9F
8FC2D7	E69AA0
8FC2D8	E69AA4
8FC2D9	E69AAD
8FC2DA	E69AB1
8FC2DB	E69AB2
8FC2DC	E69AB5
8FC2DD	E69ABB
8FC2DE	E69ABF
8FC2DF	E69B80
8FC2E0	E69B82
8FC2E1	E69B83
8FC2E2	E69B88
8FC2E3	E69B8C
8FC2E4	E69B8E
8FC2E5	E69B8F
8FC2E6	E69B94
8FC2E7	E69B9B
8FC2E8	E69B9F
8FC2E9	E69BA8
8FC2EA	E69BAB
8FC2EB	E69BAC
8FC2EC	E69BAE
8FC2ED	E69BBA
8FC2EE	E69C85
8FC2EF	E69C87
8FC2F0	E69C8E
8FC2F1	E69C93
8FC2F2	E69C99
8FC2F3	E69C9C
8FC2F4	E69CA0
8FC2F5	E69CA2
8FC2F6	E69CB3
8FC2F7	E69CBE
8FC2F8	E69D85
8FC2F9	E69D87
8FC2FA	E69D88
8FC2FB	E69D8C
8FC2FC	E69D94
8FC2FD	E69D95
8FC2FE	E69D9D
8FC3A1	E69DA6
8FC3A2	E69DAC
8FC3A3	E69DAE
8FC3A4	E69DB4
8FC3A5	E69DB6
8FC3A6	E69DBB
8FC3A7	E69E81
8FC3A8	E69E84
8FC3A9	E69E8E
8FC3AA	E69E8F
8FC3AB	E69E91
8FC3AC	E69E93
8FC3AD	E69E96
8FC3AE	E69E98
8FC3AF	E69E99
8FC3B0	E69E9B
8FC3B1	E69EB0
8FC3B2	E69EB1
8FC3B3	E69EB2
8FC3B4	E69EB5
8FC3B5	E69EBB
8FC3B6	E69EBC
8FC3B7	E69EBD
8FC3B8	E69FB9
8FC3B9	E69F80
8FC3BA	E69F82
8FC3BB	E69F83
8FC3BC	E69F85
8FC3BD	E69F88
8FC3BE	E69F89
8FC3BF	E69F92
8FC3C0	E69F97
8FC3C1	E69F99
8FC3C2	E69F9C
8FC3C3	E69FA1
8FC3C4	E69FA6
8FC3C5	E69FB0
8FC3C6	E69FB2
8FC3C7	E69FB6
8FC3C8	E69FB7
8FC3C9	E6A192
8FC3CA	E6A094
8FC3CB	E6A099
8FC3CC	E6A09D
8FC3CD	E6A09F
8FC3CE	E6A0A8
8FC3CF	E6A0A7
8FC3D0	E6A0AC
8FC3D1	E6A0AD
8FC3D2	E6A0AF
8FC3D3	E6A0B0
8FC3D4	E6A0B1
8FC3D5	E6A0B3
8FC3D6	E6A0BB
8FC3D7	E6A0BF
8FC3D8	E6A184
8FC3D9	E6A185
8FC3DA	E6A18A
8FC3DB	E6A18C
8FC3DC	E6A195
8FC3DD	E6A197
8FC3DE	E6A198
8FC3DF	E6A19B
8FC3E0	E6A1AB
8FC3E1	E6A1AE
8FC3E2	E6A1AF
8FC3E3	E6A1B0
8FC3E4	E6A1B1
8FC3E5	E6A1B2
8FC3E6	E6A1B5
8FC3E7	E6A1B9
8FC3E8	E6A1BA
8FC3E9	E6A1BB
8FC3EA	E6A1BC
8FC3EB	E6A282
8FC3EC	E6A284
8FC3ED	E6A286
8FC3EE	E6A288
8FC3EF	E6A296
8FC3F0	E6A298
8FC3F1	E6A29A
8FC3F2	E6A29C
8FC3F3	E6A2A1
8FC3F4	E6A2A3
8FC3F5	E6A2A5
8FC3F6	E6A2A9
8FC3F7	E6A2AA
8FC3F8	E6A2AE
8FC3F9	E6A2B2
8FC3FA	E6A2BB
8FC3FB	E6A385
8FC3FC	E6A388
8FC3FD	E6A38C
8FC3FE	E6A38F
8FC4A1	E6A390
8FC4A2	E6A391
8FC4A3	E6A393
8FC4A4	E6A396
8FC4A5	E6A399
8FC4A6	E6A39C
8FC4A7	E6A39D
8FC4A8	E6A3A5
8FC4A9	E6A3A8
8FC4AA	E6A3AA
8FC4AB	E6A3AB
8FC4AC	E6A3AC
8FC4AD	E6A3AD
8FC4AE	E6A3B0
8FC4AF	E6A3B1
8FC4B0	E6A3B5
8FC4B1	E6A3B6
8FC4B2	E6A3BB
8FC4B3	E6A3BC
8FC4B4	E6A3BD
8FC4B5	E6A486
8FC4B6	E6A489
8FC4B7	E6A48A
8FC4B8	E6A490
8FC4B9	E6A491
8FC4BA	E6A493
8FC4BB	E6A496
8FC4BC	E6A497
8FC4BD	E6A4B1
8FC4BE	E6A4B3
8FC4BF	E6A4B5
8FC4C0	E6A4B8
8FC4C1	E6A4BB
8FC4C2	E6A582
8FC4C3	E6A585
8FC4C4	E6A589
8FC4C5	E6A58E
8FC4C6	E6A597
8FC4C7	E6A59B
8FC4C8	E6A5A3
8FC4C9	E6A5A4
8FC4CA	E6A5A5
8FC4CB	E6A5A6
8FC4CC	E6A5A8
8FC4CD	E6A5A9
8FC4CE	E6A5AC
8FC4CF	E6A5B0
8FC4D0	E6A5B1
8FC4D1	E6A5B2
8FC4D2	E6A5BA
8FC4D3	E6A5BB
8FC4D4	E6A5BF
8FC4D5	E6A680
8FC4D6	E6A68D
8FC4D7	E6A692
8FC4D8	E6A696
8FC4D9	E6A698
8FC4DA	E6A6A1
8FC4DB	E6A6A5
8FC4DC	E6A6A6
8FC4DD	E6A6A8
8FC4DE	E6A6AB
8FC4DF	E6A6AD
8FC4E0	E6A6AF
8FC4E1	E6A6B7
8FC4E2	E6A6B8
8FC4E3	E6A6BA
8FC4E4	E6A6BC
8FC4E5	E6A785
8FC4E6	E6A788
8FC4E7	E6A791
8FC4E8	E6A796
8FC4E9	E6A797
8FC4EA	E6A7A2
8FC4EB	E6A7A5
8FC4EC	E6A7AE
8FC4ED	E6A7AF
8FC4EE	E6A7B1
8FC4EF	E6A7B3
8FC4F0	E6A7B5
8FC4F1	E6A7BE
8FC4F2	E6A880
8FC4F3	E6A881
8FC4F4	E6A883
8FC4F5	E6A88F
8FC4F6	E6A891
8FC4F7	E6A895
8FC4F8	E6A89A
8FC4F9	E6A89D
8FC4FA	E6A8A0
8FC4FB	E6A8A4
8FC4FC	E6A8A8
8FC4FD	E6A8B0
8FC4FE	E6A8B2
8FC5A1	E6A8B4
8FC5A2	E6A8B7
8FC5A3	E6A8BB
8FC5A4	E6A8BE
8FC5A5	E6A8BF
8FC5A6	E6A985
8FC5A7	E6A986
8FC5A8	E6A989
8FC5A9	E6A98A
8FC5AA	E6A98E
8FC5AB	E6A990
8FC5AC	E6A991
8FC5AD	E6A992
8FC5AE	E6A995
8FC5AF	E6A996
8FC5B0	E6A99B
8FC5B1	E6A9A4
8FC5B2	E6A9A7
8FC5B3	E6A9AA
8FC5B4	E6A9B1
8FC5B5	E6A9B3
8FC5B6	E6A9BE
8FC5B7	E6AA81
8FC5B8	E6AA83
8FC5B9	E6AA86
8FC5BA	E6AA87
8FC5BB	E6AA89
8FC5BC	E6AA8B
8FC5BD	E6AA91
8FC5BE	E6AA9B
8FC5BF	E6AA9D
8FC5C0	E6AA9E
8FC5C1	E6AA9F
8FC5C2	E6AAA5
8FC5C3	E6AAAB
8FC5C4	E6AAAF
8FC5C5	E6AAB0
8FC5C6	E6AAB1
8FC5C7	E6AAB4
8FC5C8	E6AABD
8FC5C9	E6AABE
8FC5CA	E6AABF
8FC5CB	E6AB86
8FC5CC	E6AB89
8FC5CD	E6AB88
8FC5CE	E6AB8C
8FC5CF	E6AB90
8FC5D0	E6AB94
8FC5D1	E6AB95
8FC5D2	E6AB96
8FC5D3	E6AB9C
8FC5D4	E6AB9D
8FC5D5	E6ABA4
8FC5D6	E6ABA7
8FC5D7	E6ABAC
8FC5D8	E6ABB0
8FC5D9	E6ABB1
8FC5DA	E6ABB2
8FC5DB	E6ABBC
8FC5DC	E6ABBD
8FC5DD	E6AC82
8FC5DE	E6AC83
8FC5DF	E6AC86
8FC5E0	E6AC87
8FC5E1	E6AC89
8FC5E2	E6AC8F
8FC5E3	E6AC90
8FC5E4	E6AC91
8FC5E5	E6AC97
8FC5E6	E6AC9B
8FC5E7	E6AC9E
8FC5E8	E6ACA4
8FC5E9	E6ACA8
8FC5EA	E6ACAB
8FC5EB	E6ACAC
8FC5EC	E6ACAF
8FC5ED	E6ACB5
8FC5EE	E6ACB6
8FC5EF	E6ACBB
8FC5F0	E6ACBF
8FC5F1	E6AD86
8FC5F2	E6AD8A
8FC5F3	E6AD8D
8FC5F4	E6AD92
8FC5F5	E6AD96
8FC5F6	E6AD98
8FC5F7	E6AD9D
8FC5F8	E6ADA0
8FC5F9	E6ADA7
8FC5FA	E6ADAB
8FC5FB	E6ADAE
8FC5FC	E6ADB0
8FC5FD	E6ADB5
8FC5FE	E6ADBD
8FC6A1	E6ADBE
8FC6A2	E6AE82
8FC6A3	E6AE85
8FC6A4	E6AE97
8FC6A5	E6AE9B
8FC6A6	E6AE9F
8FC6A7	E6AEA0
8FC6A8	E6AEA2
8FC6A9	E6AEA3
8FC6AA	E6AEA8
8FC6AB	E6AEA9
8FC6AC	E6AEAC
8FC6AD	E6AEAD
8FC6AE	E6AEAE
8FC6AF	E6AEB0
8FC6B0	E6AEB8
8FC6B1	E6AEB9
8FC6B2	E6AEBD
8FC6B3	E6AEBE
8FC6B4	E6AF83
8FC6B5	E6AF84
8FC6B6	E6AF89
8FC6B7	E6AF8C
8FC6B8	E6AF96
8FC6B9	E6AF9A
8FC6BA	E6AFA1
8FC6BB	E6AFA3
8FC6BC	E6AFA6
8FC6BD	E6AFA7
8FC6BE	E6AFAE
8FC6BF	E6AFB1
8FC6C0	E6AFB7
8FC6C1	E6AFB9
8FC6C2	E6AFBF
8FC6C3	E6B082
8FC6C4	E6B084
8FC6C5	E6B085
8FC6C6	E6B089
8FC6C7	E6B08D
8FC6C8	E6B08E
8FC6C9	E6B090
8FC6CA	E6B092
8FC6CB	E6B099
8FC6CC	E6B09F
8FC6CD	E6B0A6
8FC6CE	E6B0A7
8FC6CF	E6B0A8
8FC6D0	E6B0AC
8FC6D1	E6B0AE
8FC6D2	E6B0B3
8FC6D3	E6B0B5
8FC6D4	E6B0B6
8FC6D5	E6B0BA
8FC6D6	E6B0BB
8FC6D7	E6B0BF
8FC6D8	E6B18A
8FC6D9	E6B18B
8FC6DA	E6B18D
8FC6DB	E6B18F
8FC6DC	E6B192
8FC6DD	E6B194
8FC6DE	E6B199
8FC6DF	E6B19B
8FC6E0	E6B19C
8FC6E1	E6B1AB
8FC6E2	E6B1AD
8FC6E3	E6B1AF
8FC6E4	E6B1B4
8FC6E5	E6B1B6
8FC6E6	E6B1B8
8FC6E7	E6B1B9
8FC6E8	E6B1BB
8FC6E9	E6B285
8FC6EA	E6B286
8FC6EB	E6B287
8FC6EC	E6B289
8FC6ED	E6B294
8FC6EE	E6B295
8FC6EF	E6B297
8FC6F0	E6B298
8FC6F1	E6B29C
8FC6F2	E6B29F
8FC6F3	E6B2B0
8FC6F4	E6B2B2
8FC6F5	E6B2B4
8FC6F6	E6B382
8FC6F7	E6B386
8FC6F8	E6B38D
8FC6F9	E6B38F
8FC6FA	E6B390
8FC6FB	E6B391
8FC6FC	E6B392
8FC6FD	E6B394
8FC6FE	E6B396
8FC7A1	E6B39A
8FC7A2	E6B39C
8FC7A3	E6B3A0
8FC7A4	E6B3A7
8FC7A5	E6B3A9
8FC7A6	E6B3AB
8FC7A7	E6B3AC
8FC7A8	E6B3AE
8FC7A9	E6B3B2
8FC7AA	E6B3B4
8FC7AB	E6B484
8FC7AC	E6B487
8FC7AD	E6B48A
8FC7AE	E6B48E
8FC7AF	E6B48F
8FC7B0	E6B491
8FC7B1	E6B493
8FC7B2	E6B49A
8FC7B3	E6B4A6
8FC7B4	E6B4A7
8FC7B5	E6B4A8
8FC7B6	E6B1A7
8FC7B7	E6B4AE
8FC7B8	E6B4AF
8FC7B9	E6B4B1
8FC7BA	E6B4B9
8FC7BB	E6B4BC
8FC7BC	E6B4BF
8FC7BD	E6B597
8FC7BE	E6B59E
8FC7BF	E6B59F
8FC7C0	E6B5A1
8FC7C1	E6B5A5
8FC7C2	E6B5A7
8FC7C3	E6B5AF
8FC7C4	E6B5B0
8FC7C5	E6B5BC
8FC7C6	E6B682
8FC7C7	E6B687
8FC7C8	E6B691
8FC7C9	E6B692
8FC7CA	E6B694
8FC7CB	E6B696
8FC7CC	E6B697
8FC7CD	E6B698
8FC7CE	E6B6AA
8FC7CF	E6B6AC
8FC7D0	E6B6B4
8FC7D1	E6B6B7
8FC7D2	E6B6B9
8FC7D3	E6B6BD
8FC7D4	E6B6BF
8FC7D5	E6B784
8FC7D6	E6B788
8FC7D7	E6B78A
8FC7D8	E6B78E
8FC7D9	E6B78F
8FC7DA	E6B796
8FC7DB	E6B79B
8FC7DC	E6B79D
8FC7DD	E6B79F
8FC7DE	E6B7A0
8FC7DF	E6B7A2
8FC7E0	E6B7A5
8FC7E1	E6B7A9
8FC7E2	E6B7AF
8FC7E3	E6B7B0
8FC7E4	E6B7B4
8FC7E5	E6B7B6
8FC7E6	E6B7BC
8FC7E7	E6B880
8FC7E8	E6B884
8FC7E9	E6B89E
8FC7EA	E6B8A2
8FC7EB	E6B8A7
8FC7EC	E6B8B2
8FC7ED	E6B8B6
8FC7EE	E6B8B9
8FC7EF	E6B8BB
8FC7F0	E6B8BC
8FC7F1	E6B984
8FC7F2	E6B985
8FC7F3	E6B988
8FC7F4	E6B989
8FC7F5	E6B98B
8FC7F6	E6B98F
8FC7F7	E6B991
8FC7F8	E6B992
8FC7F9	E6B993
8FC7FA	E6B994
8FC7FB	E6B997
8FC7FC	E6B99C
8FC7FD	E6B99D
8FC7FE	E6B99E
8FC8A1	E6B9A2
8FC8A2	E6B9A3
8FC8A3	E6B9A8
8FC8A4	E6B9B3
8FC8A5	E6B9BB
8FC8A6	E6B9BD
8FC8A7	E6BA8D
8FC8A8	E6BA93
8FC8A9	E6BA99
8FC8AA	E6BAA0
8FC8AB	E6BAA7
8FC8AC	E6BAAD
8FC8AD	E6BAAE
8FC8AE	E6BAB1
8FC8AF	E6BAB3
8FC8B0	E6BABB
8FC8B1	E6BABF
8FC8B2	E6BB80
8FC8B3	E6BB81
8FC8B4	E6BB83
8FC8B5	E6BB87
8FC8B6	E6BB88
8FC8B7	E6BB8A
8FC8B8	E6BB8D
8FC8B9	E6BB8E
8FC8BA	E6BB8F
8FC8BB	E6BBAB
8FC8BC	E6BBAD
8FC8BD	E6BBAE
8FC8BE	E6BBB9
8FC8BF	E6BBBB
8FC8C0	E6BBBD
8FC8C1	E6BC84
8FC8C2	E6BC88
8FC8C3	E6BC8A
8FC8C4	E6BC8C
8FC8C5	E6BC8D
8FC8C6	E6BC96
8FC8C7	E6BC98
8FC8C8	E6BC9A
8FC8C9	E6BC9B
8FC8CA	E6BCA6
8FC8CB	E6BCA9
8FC8CC	E6BCAA
8FC8CD	E6BCAF
8FC8CE	E6BCB0
8FC8CF	E6BCB3
8FC8D0	E6BCB6
8FC8D1	E6BCBB
8FC8D2	E6BCBC
8FC8D3	E6BCAD
8FC8D4	E6BD8F
8FC8D5	E6BD91
8FC8D6	E6BD92
8FC8D7	E6BD93
8FC8D8	E6BD97
8FC8D9	E6BD99
8FC8DA	E6BD9A
8FC8DB	E6BD9D
8FC8DC	E6BD9E
8FC8DD	E6BDA1
8FC8DE	E6BDA2
8FC8DF	E6BDA8
8FC8E0	E6BDAC
8FC8E1	E6BDBD
8FC8E2	E6BDBE
8FC8E3	E6BE83
8FC8E4	E6BE87
8FC8E5	E6BE88
8FC8E6	E6BE8B
8FC8E7	E6BE8C
8FC8E8	E6BE8D
8FC8E9	E6BE90
8FC8EA	E6BE92
8FC8EB	E6BE93
8FC8EC	E6BE94
8FC8ED	E6BE96
8FC8EE	E6BE9A
8FC8EF	E6BE9F
8FC8F0	E6BEA0
8FC8F1	E6BEA5
8FC8F2	E6BEA6
8FC8F3	E6BEA7
8FC8F4	E6BEA8
8FC8F5	E6BEAE
8FC8F6	E6BEAF
8FC8F7	E6BEB0
8FC8F8	E6BEB5
8FC8F9	E6BEB6
8FC8FA	E6BEBC
8FC8FB	E6BF85
8FC8FC	E6BF87
8FC8FD	E6BF88
8FC8FE	E6BF8A
8FC9A1	E6BF9A
8FC9A2	E6BF9E
8FC9A3	E6BFA8
8FC9A4	E6BFA9
8FC9A5	E6BFB0
8FC9A6	E6BFB5
8FC9A7	E6BFB9
8FC9A8	E6BFBC
8FC9A9	E6BFBD
8FC9AA	E78080
8FC9AB	E78085
8FC9AC	E78086
8FC9AD	E78087
8FC9AE	E7808D
8FC9AF	E78097
8FC9B0	E780A0
8FC9B1	E780A3
8FC9B2	E780AF
8FC9B3	E780B4
8FC9B4	E780B7
8FC9B5	E780B9
8FC9B6	E780BC
8FC9B7	E78183
8FC9B8	E78184
8FC9B9	E78188
8FC9BA	E78189
8FC9BB	E7818A
8FC9BC	E7818B
8FC9BD	E78194
8FC9BE	E78195
8FC9BF	E7819D
8FC9C0	E7819E
8FC9C1	E7818E
8FC9C2	E781A4
8FC9C3	E781A5
8FC9C4	E781AC
8FC9C5	E781AE
8FC9C6	E781B5
8FC9C7	E781B6
8FC9C8	E781BE
8FC9C9	E78281
8FC9CA	E78285
8FC9CB	E78286
8FC9CC	E78294
8FC9CD	E78295
8FC9CE	E78296
8FC9CF	E78297
8FC9D0	E78298
8FC9D1	E7829B
8FC9D2	E782A4
8FC9D3	E782AB
8FC9D4	E782B0
8FC9D5	E782B1
8FC9D6	E782B4
8FC9D7	E782B7
8FC9D8	E7838A
8FC9D9	E78391
8FC9DA	E78393
8FC9DB	E78394
8FC9DC	E78395
8FC9DD	E78396
8FC9DE	E78398
8FC9DF	E7839C
8FC9E0	E783A4
8FC9E1	E783BA
8FC9E2	E78483
8FC9E3	E78484
8FC9E4	E78485
8FC9E5	E78486
8FC9E6	E78487
8FC9E7	E7848B
8FC9E8	E7848C
8FC9E9	E7848F
8FC9EA	E7849E
8FC9EB	E784A0
8FC9EC	E784AB
8FC9ED	E784AD
8FC9EE	E784AF
8FC9EF	E784B0
8FC9F0	E784B1
8FC9F1	E784B8
8FC9F2	E78581
8FC9F3	E78585
8FC9F4	E78586
8FC9F5	E78587
8FC9F6	E7858A
8FC9F7	E7858B
8FC9F8	E78590
8FC9F9	E78592
8FC9FA	E78597
8FC9FB	E7859A
8FC9FC	E7859C
8FC9FD	E7859E
8FC9FE	E785A0
8FCAA1	E785A8
8FCAA2	E785B9
8FCAA3	E78680
8FCAA4	E78685
8FCAA5	E78687
8FCAA6	E7868C
8FCAA7	E78692
8FCAA8	E7869A
8FCAA9	E7869B
8FCAAA	E786A0
8FCAAB	E786A2
8FCAAC	E786AF
8FCAAD	E786B0
8FCAAE	E786B2
8FCAAF	E786B3
8FCAB0	E786BA
8FCAB1	E786BF
8FCAB2	E78780
8FCAB3	E78781
8FCAB4	E78784
8FCAB5	E7878B
8FCAB6	E7878C
8FCAB7	E78793
8FCAB8	E78796
8FCAB9	E78799
8FCABA	E7879A
8FCABB	E7879C
8FCABC	E787B8
8FCABD	E787BE
8FCABE	E78880
8FCABF	E78887
8FCAC0	E78888
8FCAC1	E78889
8FCAC2	E78893
8FCAC3	E78897
8FCAC4	E7889A
8FCAC5	E7889D
8FCAC6	E7889F
8FCAC7	E788A4
8FCAC8	E788AB
8FCAC9	E788AF
8FCACA	E788B4
8FCACB	E788B8
8FCACC	E788B9
8FCACD	E78981
8FCACE	E78982
8FCACF	E78983
8FCAD0	E78985
8FCAD1	E7898E
8FCAD2	E7898F
8FCAD3	E78990
8FCAD4	E78993
8FCAD5	E78995
8FCAD6	E78996
8FCAD7	E7899A
8FCAD8	E7899C
8FCAD9	E7899E
8FCADA	E789A0
8FCADB	E789A3
8FCADC	E789A8
8FCADD	E789AB
8FCADE	E789AE
8FCADF	E789AF
8FCAE0	E789B1
8FCAE1	E789B7
8FCAE2	E789B8
8FCAE3	E789BB
8FCAE4	E789BC
8FCAE5	E789BF
8FCAE6	E78A84
8FCAE7	E78A89
8FCAE8	E78A8D
8FCAE9	E78A8E
8FCAEA	E78A93
8FCAEB	E78A9B
8FCAEC	E78AA8
8FCAED	E78AAD
8FCAEE	E78AAE
8FCAEF	E78AB1
8FCAF0	E78AB4
8FCAF1	E78ABE
8FCAF2	E78B81
8FCAF3	E78B87
8FCAF4	E78B89
8FCAF5	E78B8C
8FCAF6	E78B95
8FCAF7	E78B96
8FCAF8	E78B98
8FCAF9	E78B9F
8FCAFA	E78BA5
8FCAFB	E78BB3
8FCAFC	E78BB4
8FCAFD	E78BBA
8FCAFE	E78BBB
8FCBA1	E78BBE
8FCBA2	E78C82
8FCBA3	E78C84
8FCBA4	E78C85
8FCBA5	E78C87
8FCBA6	E78C8B
8FCBA7	E78C8D
8FCBA8	E78C92
8FCBA9	E78C93
8FCBAA	E78C98
8FCBAB	E78C99
8FCBAC	E78C9E
8FCBAD	E78CA2
8FCBAE	E78CA4
8FCBAF	E78CA7
8FCBB0	E78CA8
8FCBB1	E78CAC
8FCBB2	E78CB1
8FCBB3	E78CB2
8FCBB4	E78CB5
8FCBB5	E78CBA
8FCBB6	E78CBB
8FCBB7	E78CBD
8FCBB8	E78D83
8FCBB9	E78D8D
8FCBBA	E78D90
8FCBBB	E78D92
8FCBBC	E78D96
8FCBBD	E78D98
8FCBBE	E78D9D
8FCBBF	E78D9E
8FCBC0	E78D9F
8FCBC1	E78DA0
8FCBC2	E78DA6
8FCBC3	E78DA7
8FCBC4	E78DA9
8FCBC5	E78DAB
8FCBC6	E78DAC
8FCBC7	E78DAE
8FCBC8	E78DAF
8FCBC9	E78DB1
8FCBCA	E78DB7
8FCBCB	E78DB9
8FCBCC	E78DBC
8FCBCD	E78E80
8FCBCE	E78E81
8FCBCF	E78E83
8FCBD0	E78E85
8FCBD1	E78E86
8FCBD2	E78E8E
8FCBD3	E78E90
8FCBD4	E78E93
8FCBD5	E78E95
8FCBD6	E78E97
8FCBD7	E78E98
8FCBD8	E78E9C
8FCBD9	E78E9E
8FCBDA	E78E9F
8FCBDB	E78EA0
8FCBDC	E78EA2
8FCBDD	E78EA5
8FCBDE	E78EA6
8FCBDF	E78EAA
8FCBE0	E78EAB
8FCBE1	E78EAD
8FCBE2	E78EB5
8FCBE3	E78EB7
8FCBE4	E78EB9
8FCBE5	E78EBC
8FCBE6	E78EBD
8FCBE7	E78EBF
8FCBE8	E78F85
8FCBE9	E78F86
8FCBEA	E78F89
8FCBEB	E78F8B
8FCBEC	E78F8C
8FCBED	E78F8F
8FCBEE	E78F92
8FCBEF	E78F93
8FCBF0	E78F96
8FCBF1	E78F99
8FCBF2	E78F9D
8FCBF3	E78FA1
8FCBF4	E78FA3
8FCBF5	E78FA6
8FCBF6	E78FA7
8FCBF7	E78FA9
8FCBF8	E78FB4
8FCBF9	E78FB5
8FCBFA	E78FB7
8FCBFB	E78FB9
8FCBFC	E78FBA
8FCBFD	E78FBB
8FCBFE	E78FBD
8FCCA1	E78FBF
8FCCA2	E79080
8FCCA3	E79081
8FCCA4	E79084
8FCCA5	E79087
8FCCA6	E7908A
8FCCA7	E79091
8FCCA8	E7909A
8FCCA9	E7909B
8FCCAA	E790A4
8FCCAB	E790A6
8FCCAC	E790A8
8FCCAD	E790A9
8FCCAE	E790AA
8FCCAF	E790AB
8FCCB0	E790AC
8FCCB1	E790AD
8FCCB2	E790AE
8FCCB3	E790AF
8FCCB4	E790B0
8FCCB5	E790B1
8FCCB6	E790B9
8FCCB7	E79180
8FCCB8	E79183
8FCCB9	E79184
8FCCBA	E79186
8FCCBB	E79187
8FCCBC	E7918B
8FCCBD	E7918D
8FCCBE	E79191
8FCCBF	E79192
8FCCC0	E79197
8FCCC1	E7919D
8FCCC2	E791A2
8FCCC3	E791A6
8FCCC4	E791A7
8FCCC5	E791A8
8FCCC6	E791AB
8FCCC7	E791AD
8FCCC8	E791AE
8FCCC9	E791B1
8FCCCA	E791B2
8FCCCB	E79280
8FCCCC	E79281
8FCCCD	E79285
8FCCCE	E79286
8FCCCF	E79287
8FCCD0	E79289
8FCCD1	E7928F
8FCCD2	E79290
8FCCD3	E79291
8FCCD4	E79292
8FCCD5	E79298
8FCCD6	E79299
8FCCD7	E7929A
8FCCD8	E7929C
8FCCD9	E7929F
8FCCDA	E792A0
8FCCDB	E792A1
8FCCDC	E792A3
8FCCDD	E792A6
8FCCDE	E792A8
8FCCDF	E792A9
8FCCE0	E792AA
8FCCE1	E792AB
8FCCE2	E792AE
8FCCE3	E792AF
8FCCE4	E792B1
8FCCE5	E792B2
8FCCE6	E792B5
8FCCE7	E792B9
8FCCE8	E792BB
8FCCE9	E792BF
8FCCEA	E79388
8FCCEB	E79389
8FCCEC	E7938C
8FCCED	E79390
8FCCEE	E79393
8FCCEF	E79398
8FCCF0	E7939A
8FCCF1	E7939B
8FCCF2	E7939E
8FCCF3	E7939F
8FCCF4	E793A4
8FCCF5	E793A8
8FCCF6	E793AA
8FCCF7	E793AB
8FCCF8	E793AF
8FCCF9	E793B4
8FCCFA	E793BA
8FCCFB	E793BB
8FCCFC	E793BC
8FCCFD	E793BF
8FCCFE	E79486
8FCDA1	E79492
8FCDA2	E79496
8FCDA3	E79497
8FCDA4	E794A0
8FCDA5	E794A1
8FCDA6	E794A4
8FCDA7	E794A7
8FCDA8	E794A9
8FCDA9	E794AA
8FCDAA	E794AF
8FCDAB	E794B6
8FCDAC	E794B9
8FCDAD	E794BD
8FCDAE	E794BE
8FCDAF	E794BF
8FCDB0	E79580
8FCDB1	E79583
8FCDB2	E79587
8FCDB3	E79588
8FCDB4	E7958E
8FCDB5	E79590
8FCDB6	E79592
8FCDB7	E79597
8FCDB8	E7959E
8FCDB9	E7959F
8FCDBA	E795A1
8FCDBB	E795AF
8FCDBC	E795B1
8FCDBD	E795B9
8FCDBE	E795BA
8FCDBF	E795BB
8FCDC0	E795BC
8FCDC1	E795BD
8FCDC2	E795BE
8FCDC3	E79681
8FCDC4	E79685
8FCDC5	E79690
8FCDC6	E79692
8FCDC7	E79693
8FCDC8	E79695
8FCDC9	E79699
8FCDCA	E7969C
8FCDCB	E796A2
8FCDCC	E796A4
8FCDCD	E796B4
8FCDCE	E796BA
8FCDCF	E796BF
8FCDD0	E79780
8FCDD1	E79781
8FCDD2	E79784
8FCDD3	E79786
8FCDD4	E7978C
8FCDD5	E7978E
8FCDD6	E7978F
8FCDD7	E79797
8FCDD8	E7979C
8FCDD9	E7979F
8FCDDA	E797A0
8FCDDB	E797A1
8FCDDC	E797A4
8FCDDD	E797A7
8FCDDE	E797AC
8FCDDF	E797AE
8FCDE0	E797AF
8FCDE1	E797B1
8FCDE2	E797B9
8FCDE3	E79880
8FCDE4	E79882
8FCDE5	E79883
8FCDE6	E79884
8FCDE7	E79887
8FCDE8	E79888
8FCDE9	E7988A
8FCDEA	E7988C
8FCDEB	E7988F
8FCDEC	E79892
8FCDED	E79893
8FCDEE	E79895
8FCDEF	E79896
8FCDF0	E79899
8FCDF1	E7989B
8FCDF2	E7989C
8FCDF3	E7989D
8FCDF4	E7989E
8FCDF5	E798A3
8FCDF6	E798A5
8FCDF7	E798A6
8FCDF8	E798A9
8FCDF9	E798AD
8FCDFA	E798B2
8FCDFB	E798B3
8FCDFC	E798B5
8FCDFD	E798B8
8FCDFE	E798B9
8FCEA1	E798BA
8FCEA2	E798BC
8FCEA3	E7998A
8FCEA4	E79980
8FCEA5	E79981
8FCEA6	E79983
8FCEA7	E79984
8FCEA8	E79985
8FCEA9	E79989
8FCEAA	E7998B
8FCEAB	E79995
8FCEAC	E79999
8FCEAD	E7999F
8FCEAE	E799A4
8FCEAF	E799A5
8FCEB0	E799AD
8FCEB1	E799AE
8FCEB2	E799AF
8FCEB3	E799B1
8FCEB4	E799B4
8FCEB5	E79A81
8FCEB6	E79A85
8FCEB7	E79A8C
8FCEB8	E79A8D
8FCEB9	E79A95
8FCEBA	E79A9B
8FCEBB	E79A9C
8FCEBC	E79A9D
8FCEBD	E79A9F
8FCEBE	E79AA0
8FCEBF	E79AA2
8FCEC0	E79AA3
8FCEC1	E79AA4
8FCEC2	E79AA5
8FCEC3	E79AA6
8FCEC4	E79AA7
8FCEC5	E79AA8
8FCEC6	E79AAA
8FCEC7	E79AAD
8FCEC8	E79ABD
8FCEC9	E79B81
8FCECA	E79B85
8FCECB	E79B89
8FCECC	E79B8B
8FCECD	E79B8C
8FCECE	E79B8E
8FCECF	E79B94
8FCED0	E79B99
8FCED1	E79BA0
8FCED2	E79BA6
8FCED3	E79BA8
8FCED4	E79BAC
8FCED5	E79BB0
8FCED6	E79BB1
8FCED7	E79BB6
8FCED8	E79BB9
8FCED9	E79BBC
8FCEDA	E79C80
8FCEDB	E79C86
8FCEDC	E79C8A
8FCEDD	E79C8E
8FCEDE	E79C92
8FCEDF	E79C94
8FCEE0	E79C95
8FCEE1	E79C97
8FCEE2	E79C99
8FCEE3	E79C9A
8FCEE4	E79C9C
8FCEE5	E79CA2
8FCEE6	E79CA8
8FCEE7	E79CAD
8FCEE8	E79CAE
8FCEE9	E79CAF
8FCEEA	E79CB4
8FCEEB	E79CB5
8FCEEC	E79CB6
8FCEED	E79CB9
8FCEEE	E79CBD
8FCEEF	E79CBE
8FCEF0	E79D82
8FCEF1	E79D85
8FCEF2	E79D86
8FCEF3	E79D8A
8FCEF4	E79D8D
8FCEF5	E79D8E
8FCEF6	E79D8F
8FCEF7	E79D92
8FCEF8	E79D96
8FCEF9	E79D97
8FCEFA	E79D9C
8FCEFB	E79D9E
8FCEFC	E79D9F
8FCEFD	E79DA0
8FCEFE	E79DA2
8FCFA1	E79DA4
8FCFA2	E79DA7
8FCFA3	E79DAA
8FCFA4	E79DAC
8FCFA5	E79DB0
8FCFA6	E79DB2
8FCFA7	E79DB3
8FCFA8	E79DB4
8FCFA9	E79DBA
8FCFAA	E79DBD
8FCFAB	E79E80
8FCFAC	E79E84
8FCFAD	E79E8C
8FCFAE	E79E8D
8FCFAF	E79E94
8FCFB0	E79E95
8FCFB1	E79E96
8FCFB2	E79E9A
8FCFB3	E79E9F
8FCFB4	E79EA2
8FCFB5	E79EA7
8FCFB6	E79EAA
8FCFB7	E79EAE
8FCFB8	E79EAF
8FCFB9	E79EB1
8FCFBA	E79EB5
8FCFBB	E79EBE
8FCFBC	E79F83
8FCFBD	E79F89
8FCFBE	E79F91
8FCFBF	E79F92
8FCFC0	E79F95
8FCFC1	E79F99
8FCFC2	E79F9E
8FCFC3	E79F9F
8FCFC4	E79FA0
8FCFC5	E79FA4
8FCFC6	E79FA6
8FCFC7	E79FAA
8FCFC8	E79FAC
8FCFC9	E79FB0
8FCFCA	E79FB1
8FCFCB	E79FB4
8FCFCC	E79FB8
8FCFCD	E79FBB
8FCFCE	E7A085
8FCFCF	E7A086
8FCFD0	E7A089
8FCFD1	E7A08D
8FCFD2	E7A08E
8FCFD3	E7A091
8FCFD4	E7A09D
8FCFD5	E7A0A1
8FCFD6	E7A0A2
8FCFD7	E7A0A3
8FCFD8	E7A0AD
8FCFD9	E7A0AE
8FCFDA	E7A0B0
8FCFDB	E7A0B5
8FCFDC	E7A0B7
8FCFDD	E7A183
8FCFDE	E7A184
8FCFDF	E7A187
8FCFE0	E7A188
8FCFE1	E7A18C
8FCFE2	E7A18E
8FCFE3	E7A192
8FCFE4	E7A19C
8FCFE5	E7A19E
8FCFE6	E7A1A0
8FCFE7	E7A1A1
8FCFE8	E7A1A3
8FCFE9	E7A1A4
8FCFEA	E7A1A8
8FCFEB	E7A1AA
8FCFEC	E7A1AE
8FCFED	E7A1BA
8FCFEE	E7A1BE
8FCFEF	E7A28A
8FCFF0	E7A28F
8FCFF1	E7A294
8FCFF2	E7A298
8FCFF3	E7A2A1
8FCFF4	E7A29D
8FCFF5	E7A29E
8FCFF6	E7A29F
8FCFF7	E7A2A4
8FCFF8	E7A2A8
8FCFF9	E7A2AC
8FCFFA	E7A2AD
8FCFFB	E7A2B0
8FCFFC	E7A2B1
8FCFFD	E7A2B2
8FCFFE	E7A2B3
8FD0A1	E7A2BB
8FD0A2	E7A2BD
8FD0A3	E7A2BF
8FD0A4	E7A387
8FD0A5	E7A388
8FD0A6	E7A389
8FD0A7	E7A38C
8FD0A8	E7A38E
8FD0A9	E7A392
8FD0AA	E7A393
8FD0AB	E7A395
8FD0AC	E7A396
8FD0AD	E7A3A4
8FD0AE	E7A39B
8FD0AF	E7A39F
8FD0B0	E7A3A0
8FD0B1	E7A3A1
8FD0B2	E7A3A6
8FD0B3	E7A3AA
8FD0B4	E7A3B2
8FD0B5	E7A3B3
8FD0B6	E7A480
8FD0B7	E7A3B6
8FD0B8	E7A3B7
8FD0B9	E7A3BA
8FD0BA	E7A3BB
8FD0BB	E7A3BF
8FD0BC	E7A486
8FD0BD	E7A48C
8FD0BE	E7A490
8FD0BF	E7A49A
8FD0C0	E7A49C
8FD0C1	E7A49E
8FD0C2	E7A49F
8FD0C3	E7A4A0
8FD0C4	E7A4A5
8FD0C5	E7A4A7
8FD0C6	E7A4A9
8FD0C7	E7A4AD
8FD0C8	E7A4B1
8FD0C9	E7A4B4
8FD0CA	E7A4B5
8FD0CB	E7A4BB
8FD0CC	E7A4BD
8FD0CD	E7A4BF
8FD0CE	E7A584
8FD0CF	E7A585
8FD0D0	E7A586
8FD0D1	E7A58A
8FD0D2	E7A58B
8FD0D3	E7A58F
8FD0D4	E7A591
8FD0D5	E7A594
8FD0D6	E7A598
8FD0D7	E7A59B
8FD0D8	E7A59C
8FD0D9	E7A5A7
8FD0DA	E7A5A9
8FD0DB	E7A5AB
8FD0DC	E7A5B2
8FD0DD	E7A5B9
8FD0DE	E7A5BB
8FD0DF	E7A5BC
8FD0E0	E7A5BE
8FD0E1	E7A68B
8FD0E2	E7A68C
8FD0E3	E7A691
8FD0E4	E7A693
8FD0E5	E7A694
8FD0E6	E7A695
8FD0E7	E7A696
8FD0E8	E7A698
8FD0E9	E7A69B
8FD0EA	E7A69C
8FD0EB	E7A6A1
8FD0EC	E7A6A8
8FD0ED	E7A6A9
8FD0EE	E7A6AB
8FD0EF	E7A6AF
8FD0F0	E7A6B1
8FD0F1	E7A6B4
8FD0F2	E7A6B8
8FD0F3	E7A6BB
8FD0F4	E7A782
8FD0F5	E7A784
8FD0F6	E7A787
8FD0F7	E7A788
8FD0F8	E7A78A
8FD0F9	E7A78F
8FD0FA	E7A794
8FD0FB	E7A796
8FD0FC	E7A79A
8FD0FD	E7A79D
8FD0FE	E7A79E
8FD1A1	E7A7A0
8FD1A2	E7A7A2
8FD1A3	E7A7A5
8FD1A4	E7A7AA
8FD1A5	E7A7AB
8FD1A6	E7A7AD
8FD1A7	E7A7B1
8FD1A8	E7A7B8
8FD1A9	E7A7BC
8FD1AA	E7A882
8FD1AB	E7A883
8FD1AC	E7A887
8FD1AD	E7A889
8FD1AE	E7A88A
8FD1AF	E7A88C
8FD1B0	E7A891
8FD1B1	E7A895
8FD1B2	E7A89B
8FD1B3	E7A89E
8FD1B4	E7A8A1
8FD1B5	E7A8A7
8FD1B6	E7A8AB
8FD1B7	E7A8AD
8FD1B8	E7A8AF
8FD1B9	E7A8B0
8FD1BA	E7A8B4
8FD1BB	E7A8B5
8FD1BC	E7A8B8
8FD1BD	E7A8B9
8FD1BE	E7A8BA
8FD1BF	E7A984
8FD1C0	E7A985
8FD1C1	E7A987
8FD1C2	E7A988
8FD1C3	E7A98C
8FD1C4	E7A995
8FD1C5	E7A996
8FD1C6	E7A999
8FD1C7	E7A99C
8FD1C8	E7A99D
8FD1C9	E7A99F
8FD1CA	E7A9A0
8FD1CB	E7A9A5
8FD1CC	E7A9A7
8FD1CD	E7A9AA
8FD1CE	E7A9AD
8FD1CF	E7A9B5
8FD1D0	E7A9B8
8FD1D1	E7A9BE
8FD1D2	E7AA80
8FD1D3	E7AA82
8FD1D4	E7AA85
8FD1D5	E7AA86
8FD1D6	E7AA8A
8FD1D7	E7AA8B
8FD1D8	E7AA90
8FD1D9	E7AA91
8FD1DA	E7AA94
8FD1DB	E7AA9E
8FD1DC	E7AAA0
8FD1DD	E7AAA3
8FD1DE	E7AAAC
8FD1DF	E7AAB3
8FD1E0	E7AAB5
8FD1E1	E7AAB9
8FD1E2	E7AABB
8FD1E3	E7AABC
8FD1E4	E7AB86
8FD1E5	E7AB89
8FD1E6	E7AB8C
8FD1E7	E7AB8E
8FD1E8	E7AB91
8FD1E9	E7AB9B
8FD1EA	E7ABA8
8FD1EB	E7ABA9
8FD1EC	E7ABAB
8FD1ED	E7ABAC
8FD1EE	E7ABB1
8FD1EF	E7ABB4
8FD1F0	E7ABBB
8FD1F1	E7ABBD
8FD1F2	E7ABBE
8FD1F3	E7AC87
8FD1F4	E7AC94
8FD1F5	E7AC9F
8FD1F6	E7ACA3
8FD1F7	E7ACA7
8FD1F8	E7ACA9
8FD1F9	E7ACAA
8FD1FA	E7ACAB
8FD1FB	E7ACAD
8FD1FC	E7ACAE
8FD1FD	E7ACAF
8FD1FE	E7ACB0
8FD2A1	E7ACB1
8FD2A2	E7ACB4
8FD2A3	E7ACBD
8FD2A4	E7ACBF
8FD2A5	E7AD80
8FD2A6	E7AD81
8FD2A7	E7AD87
8FD2A8	E7AD8E
8FD2A9	E7AD95
8FD2AA	E7ADA0
8FD2AB	E7ADA4
8FD2AC	E7ADA6
8FD2AD	E7ADA9
8FD2AE	E7ADAA
8FD2AF	E7ADAD
8FD2B0	E7ADAF
8FD2B1	E7ADB2
8FD2B2	E7ADB3
8FD2B3	E7ADB7
8FD2B4	E7AE84
8FD2B5	E7AE89
8FD2B6	E7AE8E
8FD2B7	E7AE90
8FD2B8	E7AE91
8FD2B9	E7AE96
8FD2BA	E7AE9B
8FD2BB	E7AE9E
8FD2BC	E7AEA0
8FD2BD	E7AEA5
8FD2BE	E7AEAC
8FD2BF	E7AEAF
8FD2C0	E7AEB0
8FD2C1	E7AEB2
8FD2C2	E7AEB5
8FD2C3	E7AEB6
8FD2C4	E7AEBA
8FD2C5	E7AEBB
8FD2C6	E7AEBC
8FD2C7	E7AEBD
8FD2C8	E7AF82
8FD2C9	E7AF85
8FD2CA	E7AF88
8FD2CB	E7AF8A
8FD2CC	E7AF94
8FD2CD	E7AF96
8FD2CE	E7AF97
8FD2CF	E7AF99
8FD2D0	E7AF9A
8FD2D1	E7AF9B
8FD2D2	E7AFA8
8FD2D3	E7AFAA
8FD2D4	E7AFB2
8FD2D5	E7AFB4
8FD2D6	E7AFB5
8FD2D7	E7AFB8
8FD2D8	E7AFB9
8FD2D9	E7AFBA
8FD2DA	E7AFBC
8FD2DB	E7AFBE
8FD2DC	E7B081
8FD2DD	E7B082
8FD2DE	E7B083
8FD2DF	E7B084
8FD2E0	E7B086
8FD2E1	E7B089
8FD2E2	E7B08B
8FD2E3	E7B08C
8FD2E4	E7B08E
8FD2E5	E7B08F
8FD2E6	E7B099
8FD2E7	E7B09B
8FD2E8	E7B0A0
8FD2E9	E7B0A5
8FD2EA	E7B0A6
8FD2EB	E7B0A8
8FD2EC	E7B0AC
8FD2ED	E7B0B1
8FD2EE	E7B0B3
8FD2EF	E7B0B4
8FD2F0	E7B0B6
8FD2F1	E7B0B9
8FD2F2	E7B0BA
8FD2F3	E7B186
8FD2F4	E7B18A
8FD2F5	E7B195
8FD2F6	E7B191
8FD2F7	E7B192
8FD2F8	E7B193
8FD2F9	E7B199
8FD2FA	E7B19A
8FD2FB	E7B19B
8FD2FC	E7B19C
8FD2FD	E7B19D
8FD2FE	E7B19E
8FD3A1	E7B1A1
8FD3A2	E7B1A3
8FD3A3	E7B1A7
8FD3A4	E7B1A9
8FD3A5	E7B1AD
8FD3A6	E7B1AE
8FD3A7	E7B1B0
8FD3A8	E7B1B2
8FD3A9	E7B1B9
8FD3AA	E7B1BC
8FD3AB	E7B1BD
8FD3AC	E7B286
8FD3AD	E7B287
8FD3AE	E7B28F
8FD3AF	E7B294
8FD3B0	E7B29E
8FD3B1	E7B2A0
8FD3B2	E7B2A6
8FD3B3	E7B2B0
8FD3B4	E7B2B6
8FD3B5	E7B2B7
8FD3B6	E7B2BA
8FD3B7	E7B2BB
8FD3B8	E7B2BC
8FD3B9	E7B2BF
8FD3BA	E7B384
8FD3BB	E7B387
8FD3BC	E7B388
8FD3BD	E7B389
8FD3BE	E7B38D
8FD3BF	E7B38F
8FD3C0	E7B393
8FD3C1	E7B394
8FD3C2	E7B395
8FD3C3	E7B397
8FD3C4	E7B399
8FD3C5	E7B39A
8FD3C6	E7B39D
8FD3C7	E7B3A6
8FD3C8	E7B3A9
8FD3C9	E7B3AB
8FD3CA	E7B3B5
8FD3CB	E7B483
8FD3CC	E7B487
8FD3CD	E7B488
8FD3CE	E7B489
8FD3CF	E7B48F
8FD3D0	E7B491
8FD3D1	E7B492
8FD3D2	E7B493
8FD3D3	E7B496
8FD3D4	E7B49D
8FD3D5	E7B49E
8FD3D6	E7B4A3
8FD3D7	E7B4A6
8FD3D8	E7B4AA
8FD3D9	E7B4AD
8FD3DA	E7B4B1
8FD3DB	E7B4BC
8FD3DC	E7B4BD
8FD3DD	E7B4BE
8FD3DE	E7B580
8FD3DF	E7B581
8FD3E0	E7B587
8FD3E1	E7B588
8FD3E2	E7B58D
8FD3E3	E7B591
8FD3E4	E7B593
8FD3E5	E7B597
8FD3E6	E7B599
8FD3E7	E7B59A
8FD3E8	E7B59C
8FD3E9	E7B59D
8FD3EA	E7B5A5
8FD3EB	E7B5A7
8FD3EC	E7B5AA
8FD3ED	E7B5B0
8FD3EE	E7B5B8
8FD3EF	E7B5BA
8FD3F0	E7B5BB
8FD3F1	E7B5BF
8FD3F2	E7B681
8FD3F3	E7B682
8FD3F4	E7B683
8FD3F5	E7B685
8FD3F6	E7B686
8FD3F7	E7B688
8FD3F8	E7B68B
8FD3F9	E7B68C
8FD3FA	E7B68D
8FD3FB	E7B691
8FD3FC	E7B696
8FD3FD	E7B697
8FD3FE	E7B69D
8FD4A1	E7B69E
8FD4A2	E7B6A6
8FD4A3	E7B6A7
8FD4A4	E7B6AA
8FD4A5	E7B6B3
8FD4A6	E7B6B6
8FD4A7	E7B6B7
8FD4A8	E7B6B9
8FD4A9	E7B782
8FD4AA	E7B783
8FD4AB	E7B784
8FD4AC	E7B785
8FD4AD	E7B786
8FD4AE	E7B78C
8FD4AF	E7B78D
8FD4B0	E7B78E
8FD4B1	E7B797
8FD4B2	E7B799
8FD4B3	E7B880
8FD4B4	E7B7A2
8FD4B5	E7B7A5
8FD4B6	E7B7A6
8FD4B7	E7B7AA
8FD4B8	E7B7AB
8FD4B9	E7B7AD
8FD4BA	E7B7B1
8FD4BB	E7B7B5
8FD4BC	E7B7B6
8FD4BD	E7B7B9
8FD4BE	E7B7BA
8FD4BF	E7B888
8FD4C0	E7B890
8FD4C1	E7B891
8FD4C2	E7B895
8FD4C3	E7B897
8FD4C4	E7B89C
8FD4C5	E7B89D
8FD4C6	E7B8A0
8FD4C7	E7B8A7
8FD4C8	E7B8A8
8FD4C9	E7B8AC
8FD4CA	E7B8AD
8FD4CB	E7B8AF
8FD4CC	E7B8B3
8FD4CD	E7B8B6
8FD4CE	E7B8BF
8FD4CF	E7B984
8FD4D0	E7B985
8FD4D1	E7B987
8FD4D2	E7B98E
8FD4D3	E7B990
8FD4D4	E7B992
8FD4D5	E7B998
8FD4D6	E7B99F
8FD4D7	E7B9A1
8FD4D8	E7B9A2
8FD4D9	E7B9A5
8FD4DA	E7B9AB
8FD4DB	E7B9AE
8FD4DC	E7B9AF
8FD4DD	E7B9B3
8FD4DE	E7B9B8
8FD4DF	E7B9BE
8FD4E0	E7BA81
8FD4E1	E7BA86
8FD4E2	E7BA87
8FD4E3	E7BA8A
8FD4E4	E7BA8D
8FD4E5	E7BA91
8FD4E6	E7BA95
8FD4E7	E7BA98
8FD4E8	E7BA9A
8FD4E9	E7BA9D
8FD4EA	E7BA9E
8FD4EB	E7BCBC
8FD4EC	E7BCBB
8FD4ED	E7BCBD
8FD4EE	E7BCBE
8FD4EF	E7BCBF
8FD4F0	E7BD83
8FD4F1	E7BD84
8FD4F2	E7BD87
8FD4F3	E7BD8F
8FD4F4	E7BD92
8FD4F5	E7BD93
8FD4F6	E7BD9B
8FD4F7	E7BD9C
8FD4F8	E7BD9D
8FD4F9	E7BDA1
8FD4FA	E7BDA3
8FD4FB	E7BDA4
8FD4FC	E7BDA5
8FD4FD	E7BDA6
8FD4FE	E7BDAD
8FD5A1	E7BDB1
8FD5A2	E7BDBD
8FD5A3	E7BDBE
8FD5A4	E7BDBF
8FD5A5	E7BE80
8FD5A6	E7BE8B
8FD5A7	E7BE8D
8FD5A8	E7BE8F
8FD5A9	E7BE90
8FD5AA	E7BE91
8FD5AB	E7BE96
8FD5AC	E7BE97
8FD5AD	E7BE9C
8FD5AE	E7BEA1
8FD5AF	E7BEA2
8FD5B0	E7BEA6
8FD5B1	E7BEAA
8FD5B2	E7BEAD
8FD5B3	E7BEB4
8FD5B4	E7BEBC
8FD5B5	E7BEBF
8FD5B6	E7BF80
8FD5B7	E7BF83
8FD5B8	E7BF88
8FD5B9	E7BF8E
8FD5BA	E7BF8F
8FD5BB	E7BF9B
8FD5BC	E7BF9F
8FD5BD	E7BFA3
8FD5BE	E7BFA5
8FD5BF	E7BFA8
8FD5C0	E7BFAC
8FD5C1	E7BFAE
8FD5C2	E7BFAF
8FD5C3	E7BFB2
8FD5C4	E7BFBA
8FD5C5	E7BFBD
8FD5C6	E7BFBE
8FD5C7	E7BFBF
8FD5C8	E88087
8FD5C9	E88088
8FD5CA	E8808A
8FD5CB	E8808D
8FD5CC	E8808E
8FD5CD	E8808F
8FD5CE	E88091
8FD5CF	E88093
8FD5D0	E88094
8FD5D1	E88096
8FD5D2	E8809D
8FD5D3	E8809E
8FD5D4	E8809F
8FD5D5	E880A0
8FD5D6	E880A4
8FD5D7	E880A6
8FD5D8	E880AC
8FD5D9	E880AE
8FD5DA	E880B0
8FD5DB	E880B4
8FD5DC	E880B5
8FD5DD	E880B7
8FD5DE	E880B9
8FD5DF	E880BA
8FD5E0	E880BC
8FD5E1	E880BE
8FD5E2	E88180
8FD5E3	E88184
8FD5E4	E881A0
8FD5E5	E881A4
8FD5E6	E881A6
8FD5E7	E881AD
8FD5E8	E881B1
8FD5E9	E881B5
8FD5EA	E88281
8FD5EB	E88288
8FD5EC	E8828E
8FD5ED	E8829C
8FD5EE	E8829E
8FD5EF	E882A6
8FD5F0	E882A7
8FD5F1	E882AB
8FD5F2	E882B8
8FD5F3	E882B9
8FD5F4	E88388
8FD5F5	E8838D
8FD5F6	E8838F
8FD5F7	E88392
8FD5F8	E88394
8FD5F9	E88395
8FD5FA	E88397
8FD5FB	E88398
8FD5FC	E883A0
8FD5FD	E883AD
8FD5FE	E883AE
8FD6A1	E883B0
8FD6A2	E883B2
8FD6A3	E883B3
8FD6A4	E883B6
8FD6A5	E883B9
8FD6A6	E883BA
8FD6A7	E883BE
8FD6A8	E88483
8FD6A9	E8848B
8FD6AA	E88496
8FD6AB	E88497
8FD6AC	E88498
8FD6AD	E8849C
8FD6AE	E8849E
8FD6AF	E884A0
8FD6B0	E884A4
8FD6B1	E884A7
8FD6B2	E884AC
8FD6B3	E884B0
8FD6B4	E884B5
8FD6B5	E884BA
8FD6B6	E884BC
8FD6B7	E88585
8FD6B8	E88587
8FD6B9	E8858A
8FD6BA	E8858C
8FD6BB	E88592
8FD6BC	E88597
8FD6BD	E885A0
8FD6BE	E885A1
8FD6BF	E885A7
8FD6C0	E885A8
8FD6C1	E885A9
8FD6C2	E885AD
8FD6C3	E885AF
8FD6C4	E885B7
8FD6C5	E88681
8FD6C6	E88690
8FD6C7	E88684
8FD6C8	E88685
8FD6C9	E88686
8FD6CA	E8868B
8FD6CB	E8868E
8FD6CC	E88696
8FD6CD	E88698
8FD6CE	E8869B
8FD6CF	E8869E
8FD6D0	E886A2
8FD6D1	E886AE
8FD6D2	E886B2
8FD6D3	E886B4
8FD6D4	E886BB
8FD6D5	E8878B
8FD6D6	E88783
8FD6D7	E88785
8FD6D8	E8878A
8FD6D9	E8878E
8FD6DA	E8878F
8FD6DB	E88795
8FD6DC	E88797
8FD6DD	E8879B
8FD6DE	E8879D
8FD6DF	E8879E
8FD6E0	E887A1
8FD6E1	E887A4
8FD6E2	E887AB
8FD6E3	E887AC
8FD6E4	E887B0
8FD6E5	E887B1
8FD6E6	E887B2
8FD6E7	E887B5
8FD6E8	E887B6
8FD6E9	E887B8
8FD6EA	E887B9
8FD6EB	E887BD
8FD6EC	E887BF
8FD6ED	E88880
8FD6EE	E88883
8FD6EF	E8888F
8FD6F0	E88893
8FD6F1	E88894
8FD6F2	E88899
8FD6F3	E8889A
8FD6F4	E8889D
8FD6F5	E888A1
8FD6F6	E888A2
8FD6F7	E888A8
8FD6F8	E888B2
8FD6F9	E888B4
8FD6FA	E888BA
8FD6FB	E88983
8FD6FC	E88984
8FD6FD	E88985
8FD6FE	E88986
8FD7A1	E8898B
8FD7A2	E8898E
8FD7A3	E8898F
8FD7A4	E88991
8FD7A5	E88996
8FD7A6	E8899C
8FD7A7	E889A0
8FD7A8	E889A3
8FD7A9	E889A7
8FD7AA	E889AD
8FD7AB	E889B4
8FD7AC	E889BB
8FD7AD	E889BD
8FD7AE	E889BF
8FD7AF	E88A80
8FD7B0	E88A81
8FD7B1	E88A83
8FD7B2	E88A84
8FD7B3	E88A87
8FD7B4	E88A89
8FD7B5	E88A8A
8FD7B6	E88A8E
8FD7B7	E88A91
8FD7B8	E88A94
8FD7B9	E88A96
8FD7BA	E88A98
8FD7BB	E88A9A
8FD7BC	E88A9B
8FD7BD	E88AA0
8FD7BE	E88AA1
8FD7BF	E88AA3
8FD7C0	E88AA4
8FD7C1	E88AA7
8FD7C2	E88AA8
8FD7C3	E88AA9
8FD7C4	E88AAA
8FD7C5	E88AAE
8FD7C6	E88AB0
8FD7C7	E88AB2
8FD7C8	E88AB4
8FD7C9	E88AB7
8FD7CA	E88ABA
8FD7CB	E88ABC
8FD7CC	E88ABE
8FD7CD	E88ABF
8FD7CE	E88B86
8FD7CF	E88B90
8FD7D0	E88B95
8FD7D1	E88B9A
8FD7D2	E88BA0
8FD7D3	E88BA2
8FD7D4	E88BA4
8FD7D5	E88BA8
8FD7D6	E88BAA
8FD7D7	E88BAD
8FD7D8	E88BAF
8FD7D9	E88BB6
8FD7DA	E88BB7
8FD7DB	E88BBD
8FD7DC	E88BBE
8FD7DD	E88C80
8FD7DE	E88C81
8FD7DF	E88C87
8FD7E0	E88C88
8FD7E1	E88C8A
8FD7E2	E88C8B
8FD7E3	E88D94
8FD7E4	E88C9B
8FD7E5	E88C9D
8FD7E6	E88C9E
8FD7E7	E88C9F
8FD7E8	E88CA1
8FD7E9	E88CA2
8FD7EA	E88CAC
8FD7EB	E88CAD
8FD7EC	E88CAE
8FD7ED	E88CB0
8FD7EE	E88CB3
8FD7EF	E88CB7
8FD7F0	E88CBA
8FD7F1	E88CBC
8FD7F2	E88CBD
8FD7F3	E88D82
8FD7F4	E88D83
8FD7F5	E88D84
8FD7F6	E88D87
8FD7F7	E88D8D
8FD7F8	E88D8E
8FD7F9	E88D91
8FD7FA	E88D95
8FD7FB	E88D96
8FD7FC	E88D97
8FD7FD	E88DB0
8FD7FE	E88DB8
8FD8A1	E88DBD
8FD8A2	E88DBF
8FD8A3	E88E80
8FD8A4	E88E82
8FD8A5	E88E84
8FD8A6	E88E86
8FD8A7	E88E8D
8FD8A8	E88E92
8FD8A9	E88E94
8FD8AA	E88E95
8FD8AB	E88E98
8FD8AC	E88E99
8FD8AD	E88E9B
8FD8AE	E88E9C
8FD8AF	E88E9D
8FD8B0	E88EA6
8FD8B1	E88EA7
8FD8B2	E88EA9
8FD8B3	E88EAC
8FD8B4	E88EBE
8FD8B5	E88EBF
8FD8B6	E88F80
8FD8B7	E88F87
8FD8B8	E88F89
8FD8B9	E88F8F
8FD8BA	E88F90
8FD8BB	E88F91
8FD8BC	E88F94
8FD8BD	E88F9D
8FD8BE	E88D93
8FD8BF	E88FA8
8FD8C0	E88FAA
8FD8C1	E88FB6
8FD8C2	E88FB8
8FD8C3	E88FB9
8FD8C4	E88FBC
8FD8C5	E89081
8FD8C6	E89086
8FD8C7	E8908A
8FD8C8	E8908F
8FD8C9	E89091
8FD8CA	E89095
8FD8CB	E89099
8FD8CC	E88EAD
8FD8CD	E890AF
8FD8CE	E890B9
8FD8CF	E89185
8FD8D0	E89187
8FD8D1	E89188
8FD8D2	E8918A
8FD8D3	E8918D
8FD8D4	E8918F
8FD8D5	E89191
8FD8D6	E89192
8FD8D7	E89196
8FD8D8	E89198
8FD8D9	E89199
8FD8DA	E8919A
8FD8DB	E8919C
8FD8DC	E891A0
8FD8DD	E891A4
8FD8DE	E891A5
8FD8DF	E891A7
8FD8E0	E891AA
8FD8E1	E891B0
8FD8E2	E891B3
8FD8E3	E891B4
8FD8E4	E891B6
8FD8E5	E891B8
8FD8E6	E891BC
8FD8E7	E891BD
8FD8E8	E89281
8FD8E9	E89285
8FD8EA	E89292
8FD8EB	E89293
8FD8EC	E89295
8FD8ED	E8929E
8FD8EE	E892A6
8FD8EF	E892A8
8FD8F0	E892A9
8FD8F1	E892AA
8FD8F2	E892AF
8FD8F3	E892B1
8FD8F4	E892B4
8FD8F5	E892BA
8FD8F6	E892BD
8FD8F7	E892BE
8FD8F8	E89380
8FD8F9	E89382
8FD8FA	E89387
8FD8FB	E89388
8FD8FC	E8938C
8FD8FD	E8938F
8FD8FE	E89393
8FD9A1	E8939C
8FD9A2	E893A7
8FD9A3	E893AA
8FD9A4	E893AF
8FD9A5	E893B0
8FD9A6	E893B1
8FD9A7	E893B2
8FD9A8	E893B7
8FD9A9	E894B2
8FD9AA	E893BA
8FD9AB	E893BB
8FD9AC	E893BD
8FD9AD	E89482
8FD9AE	E89483
8FD9AF	E89487
8FD9B0	E8948C
8FD9B1	E8948E
8FD9B2	E89490
8FD9B3	E8949C
8FD9B4	E8949E
8FD9B5	E894A2
8FD9B6	E894A3
8FD9B7	E894A4
8FD9B8	E894A5
8FD9B9	E894A7
8FD9BA	E894AA
8FD9BB	E894AB
8FD9BC	E894AF
8FD9BD	E894B3
8FD9BE	E894B4
8FD9BF	E894B6
8FD9C0	E894BF
8FD9C1	E89586
8FD9C2	E8958F
8FD9C3	E89590
8FD9C4	E89591
8FD9C5	E89592
8FD9C6	E89593
8FD9C7	E89596
8FD9C8	E89599
8FD9C9	E8959C
8FD9CA	E8959D
8FD9CB	E8959E
8FD9CC	E8959F
8FD9CD	E895A0
8FD9CE	E895A1
8FD9CF	E895A2
8FD9D0	E895A4
8FD9D1	E895AB
8FD9D2	E895AF
8FD9D3	E895B9
8FD9D4	E895BA
8FD9D5	E895BB
8FD9D6	E895BD
8FD9D7	E895BF
8FD9D8	E89681
8FD9D9	E89685
8FD9DA	E89686
8FD9DB	E89689
8FD9DC	E8968B
8FD9DD	E8968C
8FD9DE	E8968F
8FD9DF	E89693
8FD9E0	E89698
8FD9E1	E8969D
8FD9E2	E8969F
8FD9E3	E896A0
8FD9E4	E896A2
8FD9E5	E896A5
8FD9E6	E896A7
8FD9E7	E896B4
8FD9E8	E896B6
8FD9E9	E896B7
8FD9EA	E896B8
8FD9EB	E896BC
8FD9EC	E896BD
8FD9ED	E896BE
8FD9EE	E896BF
8FD9EF	E89782
8FD9F0	E89787
8FD9F1	E8978A
8FD9F2	E8978B
8FD9F3	E8978E
8FD9F4	E896AD
8FD9F5	E89798
8FD9F6	E8979A
8FD9F7	E8979F
8FD9F8	E897A0
8FD9F9	E897A6
8FD9FA	E897A8
8FD9FB	E897AD
8FD9FC	E897B3
8FD9FD	E897B6
8FD9FE	E897BC
8FDAA1	E897BF
8FDAA2	E89880
8FDAA3	E89884
8FDAA4	E89885
8FDAA5	E8988D
8FDAA6	E8988E
8FDAA7	E89890
8FDAA8	E89891
8FDAA9	E89892
8FDAAA	E89898
8FDAAB	E89899
8FDAAC	E8989B
8FDAAD	E8989E
8FDAAE	E898A1
8FDAAF	E898A7
8FDAB0	E898A9
8FDAB1	E898B6
8FDAB2	E898B8
8FDAB3	E898BA
8FDAB4	E898BC
8FDAB5	E898BD
8FDAB6	E89980
8FDAB7	E89982
8FDAB8	E89986
8FDAB9	E89992
8FDABA	E89993
8FDABB	E89996
8FDABC	E89997
8FDABD	E89998
8FDABE	E89999
8FDABF	E8999D
8FDAC0	E899A0
8FDAC1	E899A1
8FDAC2	E899A2
8FDAC3	E899A3
8FDAC4	E899A4
8FDAC5	E899A9
8FDAC6	E899AC
8FDAC7	E899AF
8FDAC8	E899B5
8FDAC9	E899B6
8FDACA	E899B7
8FDACB	E899BA
8FDACC	E89A8D
8FDACD	E89A91
8FDACE	E89A96
8FDACF	E89A98
8FDAD0	E89A9A
8FDAD1	E89A9C
8FDAD2	E89AA1
8FDAD3	E89AA6
8FDAD4	E89AA7
8FDAD5	E89AA8
8FDAD6	E89AAD
8FDAD7	E89AB1
8FDAD8	E89AB3
8FDAD9	E89AB4
8FDADA	E89AB5
8FDADB	E89AB7
8FDADC	E89AB8
8FDADD	E89AB9
8FDADE	E89ABF
8FDADF	E89B80
8FDAE0	E89B81
8FDAE1	E89B83
8FDAE2	E89B85
8FDAE3	E89B91
8FDAE4	E89B92
8FDAE5	E89B95
8FDAE6	E89B97
8FDAE7	E89B9A
8FDAE8	E89B9C
8FDAE9	E89BA0
8FDAEA	E89BA3
8FDAEB	E89BA5
8FDAEC	E89BA7
8FDAED	E89A88
8FDAEE	E89BBA
8FDAEF	E89BBC
8FDAF0	E89BBD
8FDAF1	E89C84
8FDAF2	E89C85
8FDAF3	E89C87
8FDAF4	E89C8B
8FDAF5	E89C8E
8FDAF6	E89C8F
8FDAF7	E89C90
8FDAF8	E89C93
8FDAF9	E89C94
8FDAFA	E89C99
8FDAFB	E89C9E
8FDAFC	E89C9F
8FDAFD	E89CA1
8FDAFE	E89CA3
8FDBA1	E89CA8
8FDBA2	E89CAE
8FDBA3	E89CAF
8FDBA4	E89CB1
8FDBA5	E89CB2
8FDBA6	E89CB9
8FDBA7	E89CBA
8FDBA8	E89CBC
8FDBA9	E89CBD
8FDBAA	E89CBE
8FDBAB	E89D80
8FDBAC	E89D83
8FDBAD	E89D85
8FDBAE	E89D8D
8FDBAF	E89D98
8FDBB0	E89D9D
8FDBB1	E89DA1
8FDBB2	E89DA4
8FDBB3	E89DA5
8FDBB4	E89DAF
8FDBB5	E89DB1
8FDBB6	E89DB2
8FDBB7	E89DBB
8FDBB8	E89E83
8FDBB9	E89E84
8FDBBA	E89E85
8FDBBB	E89E86
8FDBBC	E89E87
8FDBBD	E89E88
8FDBBE	E89E89
8FDBBF	E89E8B
8FDBC0	E89E8C
8FDBC1	E89E90
8FDBC2	E89E93
8FDBC3	E89E95
8FDBC4	E89E97
8FDBC5	E89E98
8FDBC6	E89E99
8FDBC7	E89E9E
8FDBC8	E89EA0
8FDBC9	E89EA3
8FDBCA	E89EA7
8FDBCB	E89EAC
8FDBCC	E89EAD
8FDBCD	E89EAE
8FDBCE	E89EB1
8FDBCF	E89EB5
8FDBD0	E89EBE
8FDBD1	E89EBF
8FDBD2	E89F81
8FDBD3	E89F88
8FDBD4	E89F89
8FDBD5	E89F8A
8FDBD6	E89F8E
8FDBD7	E89F95
8FDBD8	E89F96
8FDBD9	E89F99
8FDBDA	E89F9A
8FDBDB	E89F9C
8FDBDC	E89F9F
8FDBDD	E89FA2
8FDBDE	E89FA3
8FDBDF	E89FA4
8FDBE0	E89FAA
8FDBE1	E89FAB
8FDBE2	E89FAD
8FDBE3	E89FB1
8FDBE4	E89FB3
8FDBE5	E89FB8
8FDBE6	E89FBA
8FDBE7	E89FBF
8FDBE8	E8A081
8FDBE9	E8A083
8FDBEA	E8A086
8FDBEB	E8A089
8FDBEC	E8A08A
8FDBED	E8A08B
8FDBEE	E8A090
8FDBEF	E8A099
8FDBF0	E8A092
8FDBF1	E8A093
8FDBF2	E8A094
8FDBF3	E8A098
8FDBF4	E8A09A
8FDBF5	E8A09B
8FDBF6	E8A09C
8FDBF7	E8A09E
8FDBF8	E8A09F
8FDBF9	E8A0A8
8FDBFA	E8A0AD
8FDBFB	E8A0AE
8FDBFC	E8A0B0
8FDBFD	E8A0B2
8FDBFE	E8A0B5
8FDCA1	E8A0BA
8FDCA2	E8A0BC
8FDCA3	E8A181
8FDCA4	E8A183
8FDCA5	E8A185
8FDCA6	E8A188
8FDCA7	E8A189
8FDCA8	E8A18A
8FDCA9	E8A18B
8FDCAA	E8A18E
8FDCAB	E8A191
8FDCAC	E8A195
8FDCAD	E8A196
8FDCAE	E8A198
8FDCAF	E8A19A
8FDCB0	E8A19C
8FDCB1	E8A19F
8FDCB2	E8A1A0
8FDCB3	E8A1A4
8FDCB4	E8A1A9
8FDCB5	E8A1B1
8FDCB6	E8A1B9
8FDCB7	E8A1BB
8FDCB8	E8A280
8FDCB9	E8A298
8FDCBA	E8A29A
8FDCBB	E8A29B
8FDCBC	E8A29C
8FDCBD	E8A29F
8FDCBE	E8A2A0
8FDCBF	E8A2A8
8FDCC0	E8A2AA
8FDCC1	E8A2BA
8FDCC2	E8A2BD
8FDCC3	E8A2BE
8FDCC4	E8A380
8FDCC5	E8A38A
8FDCC6	E8A38B
8FDCC7	E8A38C
8FDCC8	E8A38D
8FDCC9	E8A38E
8FDCCA	E8A391
8FDCCB	E8A392
8FDCCC	E8A393
8FDCCD	E8A39B
8FDCCE	E8A39E
8FDCCF	E8A3A7
8FDCD0	E8A3AF
8FDCD1	E8A3B0
8FDCD2	E8A3B1
8FDCD3	E8A3B5
8FDCD4	E8A3B7
8FDCD5	E8A481
8FDCD6	E8A486
8FDCD7	E8A48D
8FDCD8	E8A48E
8FDCD9	E8A48F
8FDCDA	E8A495
8FDCDB	E8A496
8FDCDC	E8A498
8FDCDD	E8A499
8FDCDE	E8A49A
8FDCDF	E8A49C
8FDCE0	E8A4A0
8FDCE1	E8A4A6
8FDCE2	E8A4A7
8FDCE3	E8A4A8
8FDCE4	E8A4B0
8FDCE5	E8A4B1
8FDCE6	E8A4B2
8FDCE7	E8A4B5
8FDCE8	E8A4B9
8FDCE9	E8A4BA
8FDCEA	E8A4BE
8FDCEB	E8A580
8FDCEC	E8A582
8FDCED	E8A585
8FDCEE	E8A586
8FDCEF	E8A589
8FDCF0	E8A58F
8FDCF1	E8A592
8FDCF2	E8A597
8FDCF3	E8A59A
8FDCF4	E8A59B
8FDCF5	E8A59C
8FDCF6	E8A5A1
8FDCF7	E8A5A2
8FDCF8	E8A5A3
8FDCF9	E8A5AB
8FDCFA	E8A5AE
8FDCFB	E8A5B0
8FDCFC	E8A5B3
8FDCFD	E8A5B5
8FDCFE	E8A5BA
8FDDA1	E8A5BB
8FDDA2	E8A5BC
8FDDA3	E8A5BD
8FDDA4	E8A689
8FDDA5	E8A68D
8FDDA6	E8A690
8FDDA7	E8A694
8FDDA8	E8A695
8FDDA9	E8A69B
8FDDAA	E8A69C
8FDDAB	E8A69F
8FDDAC	E8A6A0
8FDDAD	E8A6A5
8FDDAE	E8A6B0
8FDDAF	E8A6B4
8FDDB0	E8A6B5
8FDDB1	E8A6B6
8FDDB2	E8A6B7
8FDDB3	E8A6BC
8FDDB4	E8A794
8FDDB5	E8A795
8FDDB6	E8A796
8FDDB7	E8A797
8FDDB8	E8A798
8FDDB9	E8A7A5
8FDDBA	E8A7A9
8FDDBB	E8A7AB
8FDDBC	E8A7AD
8FDDBD	E8A7B1
8FDDBE	E8A7B3
8FDDBF	E8A7B6
8FDDC0	E8A7B9
8FDDC1	E8A7BD
8FDDC2	E8A7BF
8FDDC3	E8A884
8FDDC4	E8A885
8FDDC5	E8A887
8FDDC6	E8A88F
8FDDC7	E8A891
8FDDC8	E8A892
8FDDC9	E8A894
8FDDCA	E8A895
8FDDCB	E8A89E
8FDDCC	E8A8A0
8FDDCD	E8A8A2
8FDDCE	E8A8A4
8FDDCF	E8A8A6
8FDDD0	E8A8AB
8FDDD1	E8A8AC
8FDDD2	E8A8AF
8FDDD3	E8A8B5
8FDDD4	E8A8B7
8FDDD5	E8A8BD
8FDDD6	E8A8BE
8FDDD7	E8A980
8FDDD8	E8A983
8FDDD9	E8A985
8FDDDA	E8A987
8FDDDB	E8A989
8FDDDC	E8A98D
8FDDDD	E8A98E
8FDDDE	E8A993
8FDDDF	E8A996
8FDDE0	E8A997
8FDDE1	E8A998
8FDDE2	E8A99C
8FDDE3	E8A99D
8FDDE4	E8A9A1
8FDDE5	E8A9A5
8FDDE6	E8A9A7
8FDDE7	E8A9B5
8FDDE8	E8A9B6
8FDDE9	E8A9B7
8FDDEA	E8A9B9
8FDDEB	E8A9BA
8FDDEC	E8A9BB
8FDDED	E8A9BE
8FDDEE	E8A9BF
8FDDEF	E8AA80
8FDDF0	E8AA83
8FDDF1	E8AA86
8FDDF2	E8AA8B
8FDDF3	E8AA8F
8FDDF4	E8AA90
8FDDF5	E8AA92
8FDDF6	E8AA96
8FDDF7	E8AA97
8FDDF8	E8AA99
8FDDF9	E8AA9F
8FDDFA	E8AAA7
8FDDFB	E8AAA9
8FDDFC	E8AAAE
8FDDFD	E8AAAF
8FDDFE	E8AAB3
8FDEA1	E8AAB6
8FDEA2	E8AAB7
8FDEA3	E8AABB
8FDEA4	E8AABE
8FDEA5	E8AB83
8FDEA6	E8AB86
8FDEA7	E8AB88
8FDEA8	E8AB89
8FDEA9	E8AB8A
8FDEAA	E8AB91
8FDEAB	E8AB93
8FDEAC	E8AB94
8FDEAD	E8AB95
8FDEAE	E8AB97
8FDEAF	E8AB9D
8FDEB0	E8AB9F
8FDEB1	E8ABAC
8FDEB2	E8ABB0
8FDEB3	E8ABB4
8FDEB4	E8ABB5
8FDEB5	E8ABB6
8FDEB6	E8ABBC
8FDEB7	E8ABBF
8FDEB8	E8AC85
8FDEB9	E8AC86
8FDEBA	E8AC8B
8FDEBB	E8AC91
8FDEBC	E8AC9C
8FDEBD	E8AC9E
8FDEBE	E8AC9F
8FDEBF	E8AC8A
8FDEC0	E8ACAD
8FDEC1	E8ACB0
8FDEC2	E8ACB7
8FDEC3	E8ACBC
8FDEC4	E8AD82
8FDEC5	E8AD83
8FDEC6	E8AD84
8FDEC7	E8AD85
8FDEC8	E8AD86
8FDEC9	E8AD88
8FDECA	E8AD92
8FDECB	E8AD93
8FDECC	E8AD94
8FDECD	E8AD99
8FDECE	E8AD8D
8FDECF	E8AD9E
8FDED0	E8ADA3
8FDED1	E8ADAD
8FDED2	E8ADB6
8FDED3	E8ADB8
8FDED4	E8ADB9
8FDED5	E8ADBC
8FDED6	E8ADBE
8FDED7	E8AE81
8FDED8	E8AE84
8FDED9	E8AE85
8FDEDA	E8AE8B
8FDEDB	E8AE8D
8FDEDC	E8AE8F
8FDEDD	E8AE94
8FDEDE	E8AE95
8FDEDF	E8AE9C
8FDEE0	E8AE9E
8FDEE1	E8AE9F
8FDEE2	E8B0B8
8FDEE3	E8B0B9
8FDEE4	E8B0BD
8FDEE5	E8B0BE
8FDEE6	E8B185
8FDEE7	E8B187
8FDEE8	E8B189
8FDEE9	E8B18B
8FDEEA	E8B18F
8FDEEB	E8B191
8FDEEC	E8B193
8FDEED	E8B194
8FDEEE	E8B197
8FDEEF	E8B198
8FDEF0	E8B19B
8FDEF1	E8B19D
8FDEF2	E8B199
8FDEF3	E8B1A3
8FDEF4	E8B1A4
8FDEF5	E8B1A6
8FDEF6	E8B1A8
8FDEF7	E8B1A9
8FDEF8	E8B1AD
8FDEF9	E8B1B3
8FDEFA	E8B1B5
8FDEFB	E8B1B6
8FDEFC	E8B1BB
8FDEFD	E8B1BE
8FDEFE	E8B286
8FDFA1	E8B287
8FDFA2	E8B28B
8FDFA3	E8B290
8FDFA4	E8B292
8FDFA5	E8B293
8FDFA6	E8B299
8FDFA7	E8B29B
8FDFA8	E8B29C
8FDFA9	E8B2A4
8FDFAA	E8B2B9
8FDFAB	E8B2BA
8FDFAC	E8B385
8FDFAD	E8B386
8FDFAE	E8B389
8FDFAF	E8B38B
8FDFB0	E8B38F
8FDFB1	E8B396
8FDFB2	E8B395
8FDFB3	E8B399
8FDFB4	E8B39D
8FDFB5	E8B3A1
8FDFB6	E8B3A8
8FDFB7	E8B3AC
8FDFB8	E8B3AF
8FDFB9	E8B3B0
8FDFBA	E8B3B2
8FDFBB	E8B3B5
8FDFBC	E8B3B7
8FDFBD	E8B3B8
8FDFBE	E8B3BE
8FDFBF	E8B3BF
8FDFC0	E8B481
8FDFC1	E8B483
8FDFC2	E8B489
8FDFC3	E8B492
8FDFC4	E8B497
8FDFC5	E8B49B
8FDFC6	E8B5A5
8FDFC7	E8B5A9
8FDFC8	E8B5AC
8FDFC9	E8B5AE
8FDFCA	E8B5BF
8FDFCB	E8B682
8FDFCC	E8B684
8FDFCD	E8B688
8FDFCE	E8B68D
8FDFCF	E8B690
8FDFD0	E8B691
8FDFD1	E8B695
8FDFD2	E8B69E
8FDFD3	E8B69F
8FDFD4	E8B6A0
8FDFD5	E8B6A6
8FDFD6	E8B6AB
8FDFD7	E8B6AC
8FDFD8	E8B6AF
8FDFD9	E8B6B2
8FDFDA	E8B6B5
8FDFDB	E8B6B7
8FDFDC	E8B6B9
8FDFDD	E8B6BB
8FDFDE	E8B780
8FDFDF	E8B785
8FDFE0	E8B786
8FDFE1	E8B787
8FDFE2	E8B788
8FDFE3	E8B78A
8FDFE4	E8B78E
8FDFE5	E8B791
8FDFE6	E8B794
8FDFE7	E8B795
8FDFE8	E8B797
8FDFE9	E8B799
8FDFEA	E8B7A4
8FDFEB	E8B7A5
8FDFEC	E8B7A7
8FDFED	E8B7AC
8FDFEE	E8B7B0
8FDFEF	E8B6BC
8FDFF0	E8B7B1
8FDFF1	E8B7B2
8FDFF2	E8B7B4
8FDFF3	E8B7BD
8FDFF4	E8B881
8FDFF5	E8B884
8FDFF6	E8B885
8FDFF7	E8B886
8FDFF8	E8B88B
8FDFF9	E8B891
8FDFFA	E8B894
8FDFFB	E8B896
8FDFFC	E8B8A0
8FDFFD	E8B8A1
8FDFFE	E8B8A2
8FE0A1	E8B8A3
8FE0A2	E8B8A6
8FE0A3	E8B8A7
8FE0A4	E8B8B1
8FE0A5	E8B8B3
8FE0A6	E8B8B6
8FE0A7	E8B8B7
8FE0A8	E8B8B8
8FE0A9	E8B8B9
8FE0AA	E8B8BD
8FE0AB	E8B980
8FE0AC	E8B981
8FE0AD	E8B98B
8FE0AE	E8B98D
8FE0AF	E8B98E
8FE0B0	E8B98F
8FE0B1	E8B994
8FE0B2	E8B99B
8FE0B3	E8B99C
8FE0B4	E8B99D
8FE0B5	E8B99E
8FE0B6	E8B9A1
8FE0B7	E8B9A2
8FE0B8	E8B9A9
8FE0B9	E8B9AC
8FE0BA	E8B9AD
8FE0BB	E8B9AF
8FE0BC	E8B9B0
8FE0BD	E8B9B1
8FE0BE	E8B9B9
8FE0BF	E8B9BA
8FE0C0	E8B9BB
8FE0C1	E8BA82
8FE0C2	E8BA83
8FE0C3	E8BA89
8FE0C4	E8BA90
8FE0C5	E8BA92
8FE0C6	E8BA95
8FE0C7	E8BA9A
8FE0C8	E8BA9B
8FE0C9	E8BA9D
8FE0CA	E8BA9E
8FE0CB	E8BAA2
8FE0CC	E8BAA7
8FE0CD	E8BAA9
8FE0CE	E8BAAD
8FE0CF	E8BAAE
8FE0D0	E8BAB3
8FE0D1	E8BAB5
8FE0D2	E8BABA
8FE0D3	E8BABB
8FE0D4	E8BB80
8FE0D5	E8BB81
8FE0D6	E8BB83
8FE0D7	E8BB84
8FE0D8	E8BB87
8FE0D9	E8BB8F
8FE0DA	E8BB91
8FE0DB	E8BB94
8FE0DC	E8BB9C
8FE0DD	E8BBA8
8FE0DE	E8BBAE
8FE0DF	E8BBB0
8FE0E0	E8BBB1
8FE0E1	E8BBB7
8FE0E2	E8BBB9
8FE0E3	E8BBBA
8FE0E4	E8BBAD
8FE0E5	E8BC80
8FE0E6	E8BC82
8FE0E7	E8BC87
8FE0E8	E8BC88
8FE0E9	E8BC8F
8FE0EA	E8BC90
8FE0EB	E8BC96
8FE0EC	E8BC97
8FE0ED	E8BC98
8FE0EE	E8BC9E
8FE0EF	E8BCA0
8FE0F0	E8BCA1
8FE0F1	E8BCA3
8FE0F2	E8BCA5
8FE0F3	E8BCA7
8FE0F4	E8BCA8
8FE0F5	E8BCAC
8FE0F6	E8BCAD
8FE0F7	E8BCAE
8FE0F8	E8BCB4
8FE0F9	E8BCB5
8FE0FA	E8BCB6
8FE0FB	E8BCB7
8FE0FC	E8BCBA
8FE0FD	E8BD80
8FE0FE	E8BD81
8FE1A1	E8BD83
8FE1A2	E8BD87
8FE1A3	E8BD8F
8FE1A4	E8BD91
8FE1A5	E8BD92
8FE1A6	E8BD93
8FE1A7	E8BD94
8FE1A8	E8BD95
8FE1A9	E8BD98
8FE1AA	E8BD9D
8FE1AB	E8BD9E
8FE1AC	E8BDA5
8FE1AD	E8BE9D
8FE1AE	E8BEA0
8FE1AF	E8BEA1
8FE1B0	E8BEA4
8FE1B1	E8BEA5
8FE1B2	E8BEA6
8FE1B3	E8BEB5
8FE1B4	E8BEB6
8FE1B5	E8BEB8
8FE1B6	E8BEBE
8FE1B7	E8BF80
8FE1B8	E8BF81
8FE1B9	E8BF86
8FE1BA	E8BF8A
8FE1BB	E8BF8B
8FE1BC	E8BF8D
8FE1BD	E8BF90
8FE1BE	E8BF92
8FE1BF	E8BF93
8FE1C0	E8BF95
8FE1C1	E8BFA0
8FE1C2	E8BFA3
8FE1C3	E8BFA4
8FE1C4	E8BFA8
8FE1C5	E8BFAE
8FE1C6	E8BFB1
8FE1C7	E8BFB5
8FE1C8	E8BFB6
8FE1C9	E8BFBB
8FE1CA	E8BFBE
8FE1CB	E98082
8FE1CC	E98084
8FE1CD	E98088
8FE1CE	E9808C
8FE1CF	E98098
8FE1D0	E9809B
8FE1D1	E980A8
8FE1D2	E980A9
8FE1D3	E980AF
8FE1D4	E980AA
8FE1D5	E980AC
8FE1D6	E980AD
8FE1D7	E980B3
8FE1D8	E980B4
8FE1D9	E980B7
8FE1DA	E980BF
8FE1DB	E98183
8FE1DC	E98184
8FE1DD	E9818C
8FE1DE	E9819B
8FE1DF	E9819D
8FE1E0	E981A2
8FE1E1	E981A6
8FE1E2	E981A7
8FE1E3	E981AC
8FE1E4	E981B0
8FE1E5	E981B4
8FE1E6	E981B9
8FE1E7	E98285
8FE1E8	E98288
8FE1E9	E9828B
8FE1EA	E9828C
8FE1EB	E9828E
8FE1EC	E98290
8FE1ED	E98295
8FE1EE	E98297
8FE1EF	E98298
8FE1F0	E98299
8FE1F1	E9829B
8FE1F2	E982A0
8FE1F3	E982A1
8FE1F4	E982A2
8FE1F5	E982A5
8FE1F6	E982B0
8FE1F7	E982B2
8FE1F8	E982B3
8FE1F9	E982B4
8FE1FA	E982B6
8FE1FB	E982BD
8FE1FC	E9838C
8FE1FD	E982BE
8FE1FE	E98383
8FE2A1	E98384
8FE2A2	E98385
8FE2A3	E98387
8FE2A4	E98388
8FE2A5	E98395
8FE2A6	E98397
8FE2A7	E98398
8FE2A8	E98399
8FE2A9	E9839C
8FE2AA	E9839D
8FE2AB	E9839F
8FE2AC	E983A5
8FE2AD	E98392
8FE2AE	E983B6
8FE2AF	E983AB
8FE2B0	E983AF
8FE2B1	E983B0
8FE2B2	E983B4
8FE2B3	E983BE
8FE2B4	E983BF
8FE2B5	E98480
8FE2B6	E98484
8FE2B7	E98485
8FE2B8	E98486
8FE2B9	E98488
8FE2BA	E9848D
8FE2BB	E98490
8FE2BC	E98494
8FE2BD	E98496
8FE2BE	E98497
8FE2BF	E98498
8FE2C0	E9849A
8FE2C1	E9849C
8FE2C2	E9849E
8FE2C3	E984A0
8FE2C4	E984A5
8FE2C5	E984A2
8FE2C6	E984A3
8FE2C7	E984A7
8FE2C8	E984A9
8FE2C9	E984AE
8FE2CA	E984AF
8FE2CB	E984B1
8FE2CC	E984B4
8FE2CD	E984B6
8FE2CE	E984B7
8FE2CF	E984B9
8FE2D0	E984BA
8FE2D1	E984BC
8FE2D2	E984BD
8FE2D3	E98583
8FE2D4	E98587
8FE2D5	E98588
8FE2D6	E9858F
8FE2D7	E98593
8FE2D8	E98597
8FE2D9	E98599
8FE2DA	E9859A
8FE2DB	E9859B
8FE2DC	E985A1
8FE2DD	E985A4
8FE2DE	E985A7
8FE2DF	E985AD
8FE2E0	E985B4
8FE2E1	E985B9
8FE2E2	E985BA
8FE2E3	E985BB
8FE2E4	E98681
8FE2E5	E98683
8FE2E6	E98685
8FE2E7	E98686
8FE2E8	E9868A
8FE2E9	E9868E
8FE2EA	E98691
8FE2EB	E98693
8FE2EC	E98694
8FE2ED	E98695
8FE2EE	E98698
8FE2EF	E9869E
8FE2F0	E986A1
8FE2F1	E986A6
8FE2F2	E986A8
8FE2F3	E986AC
8FE2F4	E986AD
8FE2F5	E986AE
8FE2F6	E986B0
8FE2F7	E986B1
8FE2F8	E986B2
8FE2F9	E986B3
8FE2FA	E986B6
8FE2FB	E986BB
8FE2FC	E986BC
8FE2FD	E986BD
8FE2FE	E986BF
8FE3A1	E98782
8FE3A2	E98783
8FE3A3	E98785
8FE3A4	E98793
8FE3A5	E98794
8FE3A6	E98797
8FE3A7	E98799
8FE3A8	E9879A
8FE3A9	E9879E
8FE3AA	E987A4
8FE3AB	E987A5
8FE3AC	E987A9
8FE3AD	E987AA
8FE3AE	E987AC
8FE3AF	E987AD
8FE3B0	E987AE
8FE3B1	E987AF
8FE3B2	E987B0
8FE3B3	E987B1
8FE3B4	E987B7
8FE3B5	E987B9
8FE3B6	E987BB
8FE3B7	E987BD
8FE3B8	E98880
8FE3B9	E98881
8FE3BA	E98884
8FE3BB	E98885
8FE3BC	E98886
8FE3BD	E98887
8FE3BE	E98889
8FE3BF	E9888A
8FE3C0	E9888C
8FE3C1	E98890
8FE3C2	E98892
8FE3C3	E98893
8FE3C4	E98896
8FE3C5	E98898
8FE3C6	E9889C
8FE3C7	E9889D
8FE3C8	E988A3
8FE3C9	E988A4
8FE3CA	E988A5
8FE3CB	E988A6
8FE3CC	E988A8
8FE3CD	E988AE
8FE3CE	E988AF
8FE3CF	E988B0
8FE3D0	E988B3
8FE3D1	E988B5
8FE3D2	E988B6
8FE3D3	E988B8
8FE3D4	E988B9
8FE3D5	E988BA
8FE3D6	E988BC
8FE3D7	E988BE
8FE3D8	E98980
8FE3D9	E98982
8FE3DA	E98983
8FE3DB	E98986
8FE3DC	E98987
8FE3DD	E9898A
8FE3DE	E9898D
8FE3DF	E9898E
8FE3E0	E9898F
8FE3E1	E98991
8FE3E2	E98998
8FE3E3	E98999
8FE3E4	E9899C
8FE3E5	E9899D
8FE3E6	E989A0
8FE3E7	E989A1
8FE3E8	E989A5
8FE3E9	E989A7
8FE3EA	E989A8
8FE3EB	E989A9
8FE3EC	E989AE
8FE3ED	E989AF
8FE3EE	E989B0
8FE3EF	E989B5
8FE3F0	E989B6
8FE3F1	E989B7
8FE3F2	E989B8
8FE3F3	E989B9
8FE3F4	E989BB
8FE3F5	E989BC
8FE3F6	E989BD
8FE3F7	E989BF
8FE3F8	E98A88
8FE3F9	E98A89
8FE3FA	E98A8A
8FE3FB	E98A8D
8FE3FC	E98A8E
8FE3FD	E98A92
8FE3FE	E98A97
8FE4A1	E98A99
8FE4A2	E98A9F
8FE4A3	E98AA0
8FE4A4	E98AA4
8FE4A5	E98AA5
8FE4A6	E98AA7
8FE4A7	E98AA8
8FE4A8	E98AAB
8FE4A9	E98AAF
8FE4AA	E98AB2
8FE4AB	E98AB6
8FE4AC	E98AB8
8FE4AD	E98ABA
8FE4AE	E98ABB
8FE4AF	E98ABC
8FE4B0	E98ABD
8FE4B1	E98ABF
8FE4B2	E98B80
8FE4B3	E98B81
8FE4B4	E98B82
8FE4B5	E98B83
8FE4B6	E98B85
8FE4B7	E98B86
8FE4B8	E98B87
8FE4B9	E98B88
8FE4BA	E98B8B
8FE4BB	E98B8C
8FE4BC	E98B8D
8FE4BD	E98B8E
8FE4BE	E98B90
8FE4BF	E98B93
8FE4C0	E98B95
8FE4C1	E98B97
8FE4C2	E98B98
8FE4C3	E98B99
8FE4C4	E98B9C
8FE4C5	E98B9D
8FE4C6	E98B9F
8FE4C7	E98BA0
8FE4C8	E98BA1
8FE4C9	E98BA3
8FE4CA	E98BA5
8FE4CB	E98BA7
8FE4CC	E98BA8
8FE4CD	E98BAC
8FE4CE	E98BAE
8FE4CF	E98BB0
8FE4D0	E98BB9
8FE4D1	E98BBB
8FE4D2	E98BBF
8FE4D3	E98C80
8FE4D4	E98C82
8FE4D5	E98C88
8FE4D6	E98C8D
8FE4D7	E98C91
8FE4D8	E98C94
8FE4D9	E98C95
8FE4DA	E98C9C
8FE4DB	E98C9D
8FE4DC	E98C9E
8FE4DD	E98C9F
8FE4DE	E98CA1
8FE4DF	E98CA4
8FE4E0	E98CA5
8FE4E1	E98CA7
8FE4E2	E98CA9
8FE4E3	E98CAA
8FE4E4	E98CB3
8FE4E5	E98CB4
8FE4E6	E98CB6
8FE4E7	E98CB7
8FE4E8	E98D87
8FE4E9	E98D88
8FE4EA	E98D89
8FE4EB	E98D90
8FE4EC	E98D91
8FE4ED	E98D92
8FE4EE	E98D95
8FE4EF	E98D97
8FE4F0	E98D98
8FE4F1	E98D9A
8FE4F2	E98D9E
8FE4F3	E98DA4
8FE4F4	E98DA5
8FE4F5	E98DA7
8FE4F6	E98DA9
8FE4F7	E98DAA
8FE4F8	E98DAD
8FE4F9	E98DAF
8FE4FA	E98DB0
8FE4FB	E98DB1
8FE4FC	E98DB3
8FE4FD	E98DB4
8FE4FE	E98DB6
8FE5A1	E98DBA
8FE5A2	E98DBD
8FE5A3	E98DBF
8FE5A4	E98E80
8FE5A5	E98E81
8FE5A6	E98E82
8FE5A7	E98E88
8FE5A8	E98E8A
8FE5A9	E98E8B
8FE5AA	E98E8D
8FE5AB	E98E8F
8FE5AC	E98E92
8FE5AD	E98E95
8FE5AE	E98E98
8FE5AF	E98E9B
8FE5B0	E98E9E
8FE5B1	E98EA1
8FE5B2	E98EA3
8FE5B3	E98EA4
8FE5B4	E98EA6
8FE5B5	E98EA8
8FE5B6	E98EAB
8FE5B7	E98EB4
8FE5B8	E98EB5
8FE5B9	E98EB6
8FE5BA	E98EBA
8FE5BB	E98EA9
8FE5BC	E98F81
8FE5BD	E98F84
8FE5BE	E98F85
8FE5BF	E98F86
8FE5C0	E98F87
8FE5C1	E98F89
8FE5C2	E98F8A
8FE5C3	E98F8B
8FE5C4	E98F8C
8FE5C5	E98F8D
8FE5C6	E98F93
8FE5C7	E98F99
8FE5C8	E98F9C
8FE5C9	E98F9E
8FE5CA	E98F9F
8FE5CB	E98FA2
8FE5CC	E98FA6
8FE5CD	E98FA7
8FE5CE	E98FB9
8FE5CF	E98FB7
8FE5D0	E98FB8
8FE5D1	E98FBA
8FE5D2	E98FBB
8FE5D3	E98FBD
8FE5D4	E99081
8FE5D5	E99082
8FE5D6	E99084
8FE5D7	E99088
8FE5D8	E99089
8FE5D9	E9908D
8FE5DA	E9908E
8FE5DB	E9908F
8FE5DC	E99095
8FE5DD	E99096
8FE5DE	E99097
8FE5DF	E9909F
8FE5E0	E990AE
8FE5E1	E990AF
8FE5E2	E990B1
8FE5E3	E990B2
8FE5E4	E990B3
8FE5E5	E990B4
8FE5E6	E990BB
8FE5E7	E990BF
8FE5E8	E990BD
8FE5E9	E99183
8FE5EA	E99185
8FE5EB	E99188
8FE5EC	E9918A
8FE5ED	E9918C
8FE5EE	E99195
8FE5EF	E99199
8FE5F0	E9919C
8FE5F1	E9919F
8FE5F2	E991A1
8FE5F3	E991A3
8FE5F4	E991A8
8FE5F5	E991AB
8FE5F6	E991AD
8FE5F7	E991AE
8FE5F8	E991AF
8FE5F9	E991B1
8FE5FA	E991B2
8FE5FB	E99284
8FE5FC	E99283
8FE5FD	E995B8
8FE5FE	E995B9
8FE6A1	E995BE
8FE6A2	E99684
8FE6A3	E99688
8FE6A4	E9968C
8FE6A5	E9968D
8FE6A6	E9968E
8FE6A7	E9969D
8FE6A8	E9969E
8FE6A9	E9969F
8FE6AA	E996A1
8FE6AB	E996A6
8FE6AC	E996A9
8FE6AD	E996AB
8FE6AE	E996AC
8FE6AF	E996B4
8FE6B0	E996B6
8FE6B1	E996BA
8FE6B2	E996BD
8FE6B3	E996BF
8FE6B4	E99786
8FE6B5	E99788
8FE6B6	E99789
8FE6B7	E9978B
8FE6B8	E99790
8FE6B9	E99791
8FE6BA	E99792
8FE6BB	E99793
8FE6BC	E99799
8FE6BD	E9979A
8FE6BE	E9979D
8FE6BF	E9979E
8FE6C0	E9979F
8FE6C1	E997A0
8FE6C2	E997A4
8FE6C3	E997A6
8FE6C4	E9989D
8FE6C5	E9989E
8FE6C6	E998A2
8FE6C7	E998A4
8FE6C8	E998A5
8FE6C9	E998A6
8FE6CA	E998AC
8FE6CB	E998B1
8FE6CC	E998B3
8FE6CD	E998B7
8FE6CE	E998B8
8FE6CF	E998B9
8FE6D0	E998BA
8FE6D1	E998BC
8FE6D2	E998BD
8FE6D3	E99981
8FE6D4	E99992
8FE6D5	E99994
8FE6D6	E99996
8FE6D7	E99997
8FE6D8	E99998
8FE6D9	E999A1
8FE6DA	E999AE
8FE6DB	E999B4
8FE6DC	E999BB
8FE6DD	E999BC
8FE6DE	E999BE
8FE6DF	E999BF
8FE6E0	E99A81
8FE6E1	E99A82
8FE6E2	E99A83
8FE6E3	E99A84
8FE6E4	E99A89
8FE6E5	E99A91
8FE6E6	E99A96
8FE6E7	E99A9A
8FE6E8	E99A9D
8FE6E9	E99A9F
8FE6EA	E99AA4
8FE6EB	E99AA5
8FE6EC	E99AA6
8FE6ED	E99AA9
8FE6EE	E99AAE
8FE6EF	E99AAF
8FE6F0	E99AB3
8FE6F1	E99ABA
8FE6F2	E99B8A
8FE6F3	E99B92
8FE6F4	E5B6B2
8FE6F5	E99B98
8FE6F6	E99B9A
8FE6F7	E99B9D
8FE6F8	E99B9E
8FE6F9	E99B9F
8FE6FA	E99BA9
8FE6FB	E99BAF
8FE6FC	E99BB1
8FE6FD	E99BBA
8FE6FE	E99C82
8FE7A1	E99C83
8FE7A2	E99C85
8FE7A3	E99C89
8FE7A4	E99C9A
8FE7A5	E99C9B
8FE7A6	E99C9D
8FE7A7	E99CA1
8FE7A8	E99CA2
8FE7A9	E99CA3
8FE7AA	E99CA8
8FE7AB	E99CB1
8FE7AC	E99CB3
8FE7AD	E99D81
8FE7AE	E99D83
8FE7AF	E99D8A
8FE7B0	E99D8E
8FE7B1	E99D8F
8FE7B2	E99D95
8FE7B3	E99D97
8FE7B4	E99D98
8FE7B5	E99D9A
8FE7B6	E99D9B
8FE7B7	E99DA3
8FE7B8	E99DA7
8FE7B9	E99DAA
8FE7BA	E99DAE
8FE7BB	E99DB3
8FE7BC	E99DB6
8FE7BD	E99DB7
8FE7BE	E99DB8
8FE7BF	E99DBB
8FE7C0	E99DBD
8FE7C1	E99DBF
8FE7C2	E99E80
8FE7C3	E99E89
8FE7C4	E99E95
8FE7C5	E99E96
8FE7C6	E99E97
8FE7C7	E99E99
8FE7C8	E99E9A
8FE7C9	E99E9E
8FE7CA	E99E9F
8FE7CB	E99EA2
8FE7CC	E99EAC
8FE7CD	E99EAE
8FE7CE	E99EB1
8FE7CF	E99EB2
8FE7D0	E99EB5
8FE7D1	E99EB6
8FE7D2	E99EB8
8FE7D3	E99EB9
8FE7D4	E99EBA
8FE7D5	E99EBC
8FE7D6	E99EBE
8FE7D7	E99EBF
8FE7D8	E99F81
8FE7D9	E99F84
8FE7DA	E99F85
8FE7DB	E99F87
8FE7DC	E99F89
8FE7DD	E99F8A
8FE7DE	E99F8C
8FE7DF	E99F8D
8FE7E0	E99F8E
8FE7E1	E99F90
8FE7E2	E99F91
8FE7E3	E99F94
8FE7E4	E99F97
8FE7E5	E99F98
8FE7E6	E99F99
8FE7E7	E99F9D
8FE7E8	E99F9E
8FE7E9	E99FA0
8FE7EA	E99F9B
8FE7EB	E99FA1
8FE7EC	E99FA4
8FE7ED	E99FAF
8FE7EE	E99FB1
8FE7EF	E99FB4
8FE7F0	E99FB7
8FE7F1	E99FB8
8FE7F2	E99FBA
8FE7F3	E9A087
8FE7F4	E9A08A
8FE7F5	E9A099
8FE7F6	E9A08D
8FE7F7	E9A08E
8FE7F8	E9A094
8FE7F9	E9A096
8FE7FA	E9A09C
8FE7FB	E9A09E
8FE7FC	E9A0A0
8FE7FD	E9A0A3
8FE7FE	E9A0A6
8FE8A1	E9A0AB
8FE8A2	E9A0AE
8FE8A3	E9A0AF
8FE8A4	E9A0B0
8FE8A5	E9A0B2
8FE8A6	E9A0B3
8FE8A7	E9A0B5
8FE8A8	E9A0A5
8FE8A9	E9A0BE
8FE8AA	E9A184
8FE8AB	E9A187
8FE8AC	E9A18A
8FE8AD	E9A191
8FE8AE	E9A192
8FE8AF	E9A193
8FE8B0	E9A196
8FE8B1	E9A197
8FE8B2	E9A199
8FE8B3	E9A19A
8FE8B4	E9A1A2
8FE8B5	E9A1A3
8FE8B6	E9A1A5
8FE8B7	E9A1A6
8FE8B8	E9A1AA
8FE8B9	E9A1AC
8FE8BA	E9A2AB
8FE8BB	E9A2AD
8FE8BC	E9A2AE
8FE8BD	E9A2B0
8FE8BE	E9A2B4
8FE8BF	E9A2B7
8FE8C0	E9A2B8
8FE8C1	E9A2BA
8FE8C2	E9A2BB
8FE8C3	E9A2BF
8FE8C4	E9A382
8FE8C5	E9A385
8FE8C6	E9A388
8FE8C7	E9A38C
8FE8C8	E9A3A1
8FE8C9	E9A3A3
8FE8CA	E9A3A5
8FE8CB	E9A3A6
8FE8CC	E9A3A7
8FE8CD	E9A3AA
8FE8CE	E9A3B3
8FE8CF	E9A3B6
8FE8D0	E9A482
8FE8D1	E9A487
8FE8D2	E9A488
8FE8D3	E9A491
8FE8D4	E9A495
8FE8D5	E9A496
8FE8D6	E9A497
8FE8D7	E9A49A
8FE8D8	E9A49B
8FE8D9	E9A49C
8FE8DA	E9A49F
8FE8DB	E9A4A2
8FE8DC	E9A4A6
8FE8DD	E9A4A7
8FE8DE	E9A4AB
8FE8DF	E9A4B1
8FE8E0	E9A4B2
8FE8E1	E9A4B3
8FE8E2	E9A4B4
8FE8E3	E9A4B5
8FE8E4	E9A4B9
8FE8E5	E9A4BA
8FE8E6	E9A4BB
8FE8E7	E9A4BC
8FE8E8	E9A580
8FE8E9	E9A581
8FE8EA	E9A586
8FE8EB	E9A587
8FE8EC	E9A588
8FE8ED	E9A58D
8FE8EE	E9A58E
8FE8EF	E9A594
8FE8F0	E9A598
8FE8F1	E9A599
8FE8F2	E9A59B
8FE8F3	E9A59C
8FE8F4	E9A59E
8FE8F5	E9A59F
8FE8F6	E9A5A0
8FE8F7	E9A69B
8FE8F8	E9A69D
8FE8F9	E9A69F
8FE8FA	E9A6A6
8FE8FB	E9A6B0
8FE8FC	E9A6B1
8FE8FD	E9A6B2
8FE8FE	E9A6B5
8FE9A1	E9A6B9
8FE9A2	E9A6BA
8FE9A3	E9A6BD
8FE9A4	E9A6BF
8FE9A5	E9A783
8FE9A6	E9A789
8FE9A7	E9A793
8FE9A8	E9A794
8FE9A9	E9A799
8FE9AA	E9A79A
8FE9AB	E9A79C
8FE9AC	E9A79E
8FE9AD	E9A7A7
8FE9AE	E9A7AA
8FE9AF	E9A7AB
8FE9B0	E9A7AC
8FE9B1	E9A7B0
8FE9B2	E9A7B4
8FE9B3	E9A7B5
8FE9B4	E9A7B9
8FE9B5	E9A7BD
8FE9B6	E9A7BE
8FE9B7	E9A882
8FE9B8	E9A883
8FE9B9	E9A884
8FE9BA	E9A88B
8FE9BB	E9A88C
8FE9BC	E9A890
8FE9BD	E9A891
8FE9BE	E9A896
8FE9BF	E9A89E
8FE9C0	E9A8A0
8FE9C1	E9A8A2
8FE9C2	E9A8A3
8FE9C3	E9A8A4
8FE9C4	E9A8A7
8FE9C5	E9A8AD
8FE9C6	E9A8AE
8FE9C7	E9A8B3
8FE9C8	E9A8B5
8FE9C9	E9A8B6
8FE9CA	E9A8B8
8FE9CB	E9A987
8FE9CC	E9A981
8FE9CD	E9A984
8FE9CE	E9A98A
8FE9CF	E9A98B
8FE9D0	E9A98C
8FE9D1	E9A98E
8FE9D2	E9A991
8FE9D3	E9A994
8FE9D4	E9A996
8FE9D5	E9A99D
8FE9D6	E9AAAA
8FE9D7	E9AAAC
8FE9D8	E9AAAE
8FE9D9	E9AAAF
8FE9DA	E9AAB2
8FE9DB	E9AAB4
8FE9DC	E9AAB5
8FE9DD	E9AAB6
8FE9DE	E9AAB9
8FE9DF	E9AABB
8FE9E0	E9AABE
8FE9E1	E9AABF
8FE9E2	E9AB81
8FE9E3	E9AB83
8FE9E4	E9AB86
8FE9E5	E9AB88
8FE9E6	E9AB8E
8FE9E7	E9AB90
8FE9E8	E9AB92
8FE9E9	E9AB95
8FE9EA	E9AB96
8FE9EB	E9AB97
8FE9EC	E9AB9B
8FE9ED	E9AB9C
8FE9EE	E9ABA0
8FE9EF	E9ABA4
8FE9F0	E9ABA5
8FE9F1	E9ABA7
8FE9F2	E9ABA9
8FE9F3	E9ABAC
8FE9F4	E9ABB2
8FE9F5	E9ABB3
8FE9F6	E9ABB5
8FE9F7	E9ABB9
8FE9F8	E9ABBA
8FE9F9	E9ABBD
8FE9FA	E9ABBF
8FE9FB	E9AC80
8FE9FC	E9AC81
8FE9FD	E9AC82
8FE9FE	E9AC83
8FEAA1	E9AC84
8FEAA2	E9AC85
8FEAA3	E9AC88
8FEAA4	E9AC89
8FEAA5	E9AC8B
8FEAA6	E9AC8C
8FEAA7	E9AC8D
8FEAA8	E9AC8E
8FEAA9	E9AC90
8FEAAA	E9AC92
8FEAAB	E9AC96
8FEAAC	E9AC99
8FEAAD	E9AC9B
8FEAAE	E9AC9C
8FEAAF	E9ACA0
8FEAB0	E9ACA6
8FEAB1	E9ACAB
8FEAB2	E9ACAD
8FEAB3	E9ACB3
8FEAB4	E9ACB4
8FEAB5	E9ACB5
8FEAB6	E9ACB7
8FEAB7	E9ACB9
8FEAB8	E9ACBA
8FEAB9	E9ACBD
8FEABA	E9AD88
8FEABB	E9AD8B
8FEABC	E9AD8C
8FEABD	E9AD95
8FEABE	E9AD96
8FEABF	E9AD97
8FEAC0	E9AD9B
8FEAC1	E9AD9E
8FEAC2	E9ADA1
8FEAC3	E9ADA3
8FEAC4	E9ADA5
8FEAC5	E9ADA6
8FEAC6	E9ADA8
8FEAC7	E9ADAA
8FEAC8	E9ADAB
8FEAC9	E9ADAC
8FEACA	E9ADAD
8FEACB	E9ADAE
8FEACC	E9ADB3
8FEACD	E9ADB5
8FEACE	E9ADB7
8FEACF	E9ADB8
8FEAD0	E9ADB9
8FEAD1	E9ADBF
8FEAD2	E9AE80
8FEAD3	E9AE84
8FEAD4	E9AE85
8FEAD5	E9AE86
8FEAD6	E9AE87
8FEAD7	E9AE89
8FEAD8	E9AE8A
8FEAD9	E9AE8B
8FEADA	E9AE8D
8FEADB	E9AE8F
8FEADC	E9AE90
8FEADD	E9AE94
8FEADE	E9AE9A
8FEADF	E9AE9D
8FEAE0	E9AE9E
8FEAE1	E9AEA6
8FEAE2	E9AEA7
8FEAE3	E9AEA9
8FEAE4	E9AEAC
8FEAE5	E9AEB0
8FEAE6	E9AEB1
8FEAE7	E9AEB2
8FEAE8	E9AEB7
8FEAE9	E9AEB8
8FEAEA	E9AEBB
8FEAEB	E9AEBC
8FEAEC	E9AEBE
8FEAED	E9AEBF
8FEAEE	E9AF81
8FEAEF	E9AF87
8FEAF0	E9AF88
8FEAF1	E9AF8E
8FEAF2	E9AF90
8FEAF3	E9AF97
8FEAF4	E9AF98
8FEAF5	E9AF9D
8FEAF6	E9AF9F
8FEAF7	E9AFA5
8FEAF8	E9AFA7
8FEAF9	E9AFAA
8FEAFA	E9AFAB
8FEAFB	E9AFAF
8FEAFC	E9AFB3
8FEAFD	E9AFB7
8FEAFE	E9AFB8
8FEBA1	E9AFB9
8FEBA2	E9AFBA
8FEBA3	E9AFBD
8FEBA4	E9AFBF
8FEBA5	E9B080
8FEBA6	E9B082
8FEBA7	E9B08B
8FEBA8	E9B08F
8FEBA9	E9B091
8FEBAA	E9B096
8FEBAB	E9B098
8FEBAC	E9B099
8FEBAD	E9B09A
8FEBAE	E9B09C
8FEBAF	E9B09E
8FEBB0	E9B0A2
8FEBB1	E9B0A3
8FEBB2	E9B0A6
8FEBB3	E9B0A7
8FEBB4	E9B0A8
8FEBB5	E9B0A9
8FEBB6	E9B0AA
8FEBB7	E9B0B1
8FEBB8	E9B0B5
8FEBB9	E9B0B6
8FEBBA	E9B0B7
8FEBBB	E9B0BD
8FEBBC	E9B181
8FEBBD	E9B183
8FEBBE	E9B184
8FEBBF	E9B185
8FEBC0	E9B189
8FEBC1	E9B18A
8FEBC2	E9B18E
8FEBC3	E9B18F
8FEBC4	E9B190
8FEBC5	E9B193
8FEBC6	E9B194
8FEBC7	E9B196
8FEBC8	E9B198
8FEBC9	E9B19B
8FEBCA	E9B19D
8FEBCB	E9B19E
8FEBCC	E9B19F
8FEBCD	E9B1A3
8FEBCE	E9B1A9
8FEBCF	E9B1AA
8FEBD0	E9B19C
8FEBD1	E9B1AB
8FEBD2	E9B1A8
8FEBD3	E9B1AE
8FEBD4	E9B1B0
8FEBD5	E9B1B2
8FEBD6	E9B1B5
8FEBD7	E9B1B7
8FEBD8	E9B1BB
8FEBD9	E9B3A6
8FEBDA	E9B3B2
8FEBDB	E9B3B7
8FEBDC	E9B3B9
8FEBDD	E9B48B
8FEBDE	E9B482
8FEBDF	E9B491
8FEBE0	E9B497
8FEBE1	E9B498
8FEBE2	E9B49C
8FEBE3	E9B49D
8FEBE4	E9B49E
8FEBE5	E9B4AF
8FEBE6	E9B4B0
8FEBE7	E9B4B2
8FEBE8	E9B4B3
8FEBE9	E9B4B4
8FEBEA	E9B4BA
8FEBEB	E9B4BC
8FEBEC	E9B585
8FEBED	E9B4BD
8FEBEE	E9B582
8FEBEF	E9B583
8FEBF0	E9B587
8FEBF1	E9B58A
8FEBF2	E9B593
8FEBF3	E9B594
8FEBF4	E9B59F
8FEBF5	E9B5A3
8FEBF6	E9B5A2
8FEBF7	E9B5A5
8FEBF8	E9B5A9
8FEBF9	E9B5AA
8FEBFA	E9B5AB
8FEBFB	E9B5B0
8FEBFC	E9B5B6
8FEBFD	E9B5B7
8FEBFE	E9B5BB
8FECA1	E9B5BC
8FECA2	E9B5BE
8FECA3	E9B683
8FECA4	E9B684
8FECA5	E9B686
8FECA6	E9B68A
8FECA7	E9B68D
8FECA8	E9B68E
8FECA9	E9B692
8FECAA	E9B693
8FECAB	E9B695
8FECAC	E9B696
8FECAD	E9B697
8FECAE	E9B698
8FECAF	E9B6A1
8FECB0	E9B6AA
8FECB1	E9B6AC
8FECB2	E9B6AE
8FECB3	E9B6B1
8FECB4	E9B6B5
8FECB5	E9B6B9
8FECB6	E9B6BC
8FECB7	E9B6BF
8FECB8	E9B783
8FECB9	E9B787
8FECBA	E9B789
8FECBB	E9B78A
8FECBC	E9B794
8FECBD	E9B795
8FECBE	E9B796
8FECBF	E9B797
8FECC0	E9B79A
8FECC1	E9B79E
8FECC2	E9B79F
8FECC3	E9B7A0
8FECC4	E9B7A5
8FECC5	E9B7A7
8FECC6	E9B7A9
8FECC7	E9B7AB
8FECC8	E9B7AE
8FECC9	E9B7B0
8FECCA	E9B7B3
8FECCB	E9B7B4
8FECCC	E9B7BE
8FECCD	E9B88A
8FECCE	E9B882
8FECCF	E9B887
8FECD0	E9B88E
8FECD1	E9B890
8FECD2	E9B891
8FECD3	E9B892
8FECD4	E9B895
8FECD5	E9B896
8FECD6	E9B899
8FECD7	E9B89C
8FECD8	E9B89D
8FECD9	E9B9BA
8FECDA	E9B9BB
8FECDB	E9B9BC
8FECDC	E9BA80
8FECDD	E9BA82
8FECDE	E9BA83
8FECDF	E9BA84
8FECE0	E9BA85
8FECE1	E9BA87
8FECE2	E9BA8E
8FECE3	E9BA8F
8FECE4	E9BA96
8FECE5	E9BA98
8FECE6	E9BA9B
8FECE7	E9BA9E
8FECE8	E9BAA4
8FECE9	E9BAA8
8FECEA	E9BAAC
8FECEB	E9BAAE
8FECEC	E9BAAF
8FECED	E9BAB0
8FECEE	E9BAB3
8FECEF	E9BAB4
8FECF0	E9BAB5
8FECF1	E9BB86
8FECF2	E9BB88
8FECF3	E9BB8B
8FECF4	E9BB95
8FECF5	E9BB9F
8FECF6	E9BBA4
8FECF7	E9BBA7
8FECF8	E9BBAC
8FECF9	E9BBAD
8FECFA	E9BBAE
8FECFB	E9BBB0
8FECFC	E9BBB1
8FECFD	E9BBB2
8FECFE	E9BBB5
8FEDA1	E9BBB8
8FEDA2	E9BBBF
8FEDA3	E9BC82
8FEDA4	E9BC83
8FEDA5	E9BC89
8FEDA6	E9BC8F
8FEDA7	E9BC90
8FEDA8	E9BC91
8FEDA9	E9BC92
8FEDAA	E9BC94
8FEDAB	E9BC96
8FEDAC	E9BC97
8FEDAD	E9BC99
8FEDAE	E9BC9A
8FEDAF	E9BC9B
8FEDB0	E9BC9F
8FEDB1	E9BCA2
8FEDB2	E9BCA6
8FEDB3	E9BCAA
8FEDB4	E9BCAB
8FEDB5	E9BCAF
8FEDB6	E9BCB1
8FEDB7	E9BCB2
8FEDB8	E9BCB4
8FEDB9	E9BCB7
8FEDBA	E9BCB9
8FEDBB	E9BCBA
8FEDBC	E9BCBC
8FEDBD	E9BCBD
8FEDBE	E9BCBF
8FEDBF	E9BD81
8FEDC0	E9BD83
8FEDC1	E9BD84
8FEDC2	E9BD85
8FEDC3	E9BD86
8FEDC4	E9BD87
8FEDC5	E9BD93
8FEDC6	E9BD95
8FEDC7	E9BD96
8FEDC8	E9BD97
8FEDC9	E9BD98
8FEDCA	E9BD9A
8FEDCB	E9BD9D
8FEDCC	E9BD9E
8FEDCD	E9BDA8
8FEDCE	E9BDA9
8FEDCF	E9BDAD
8FEDD0	E9BDAE
8FEDD1	E9BDAF
8FEDD2	E9BDB0
8FEDD3	E9BDB1
8FEDD4	E9BDB3
8FEDD5	E9BDB5
8FEDD6	E9BDBA
8FEDD7	E9BDBD
8FEDD8	E9BE8F
8FEDD9	E9BE90
8FEDDA	E9BE91
8FEDDB	E9BE92
8FEDDC	E9BE94
8FEDDD	E9BE96
8FEDDE	E9BE97
8FEDDF	E9BE9E
8FEDE0	E9BEA1
8FEDE1	E9BEA2
8FEDE2	E9BEA3
8FEDE3	E9BEA5
8FF3F3	E285B0
8FF3F4	E285B1
8FF3F5	E285B2
8FF3F6	E285B3
8FF3F7	E285B4
8FF3F8	E285B5
8FF3F9	E285B6
8FF3FA	E285B7
8FF3FB	E285B8
8FF3FC	E285B9
8FF3FD	E285A0
8FF3FE	E285A1
8FF4A1	E285A2
8FF4A2	E285A3
8FF4A3	E285A4
8FF4A4	E285A5
8FF4A5	E285A6
8FF4A6	E285A7
8FF4A7	E285A8
8FF4A8	E285A9
8FF4A9	EFBC87
8FF4AA	EFBC82
8FF4AB	E388B1
8FF4AC	E28496
8FF4AD	E284A1
8FF4AE	E782BB
8FF4AF	E4BBBC
8FF4B0	E583B4
8FF4B1	E587AC
8FF4B2	E58C87
8FF4B3	E58CA4
8FF4B4	EFA88E
8FF4B5	E5928A
8FF4B6	E59D99
8FF4B7	EFA88F
8FF4B8	EFA890
8FF4B9	E5A29E
8FF4BA	E5AFAC
8FF4BB	E5B3B5
8FF4BC	E5B593
8FF4BD	EFA891
8FF4BE	E5BEB7
8FF4BF	E68285
8FF4C0	E684A0
8FF4C1	E6958E
8FF4C2	E698BB
8FF4C3	E699A5
8FF4C4	EFA892
8FF4C5	EFA4A9
8FF4C6	E6A081
8FF4C7	EFA893
8FF4C8	EFA894
8FF4C9	E6A9AB
8FF4CA	E6ABA2
8FF4CB	E6B7B8
8FF4CC	E6B7B2
8FF4CD	E780A8
8FF4CE	EFA895
8FF4CF	EFA896
8FF4D0	E79481
8FF4D1	E79A82
8FF4D2	E79A9E
8FF4D3	EFA897
8FF4D4	E7A4B0
8FF4D5	EFA898
8FF4D6	EFA899
8FF4D7	EFA89A
8FF4D8	EFA89B
8FF4D9	E7ABA7
8FF4DA	EFA89C
8FF4DB	EFA89D
8FF4DC	E7B6A0
8FF4DD	E7B796
8FF4DE	EFA89E
8FF4DF	E88DA2
8FF4E0	EFA89F
8FF4E1	E896B0
8FF4E2	EFA8A0
8FF4E3	EFA8A1
8FF4E4	E8A087
8FF4E5	EFA8A2
8FF4E6	E8ADBF
8FF4E7	E8B3B4
8FF4E8	E8B5B6
8FF4E9	EFA8A3
8FF4EA	EFA8A4
8FF4EB	EFA8A5
8FF4EC	E9839E
8FF4ED	EFA8A6
8FF4EE	E98495
8FF4EF	EFA8A7
8FF4F0	EFA8A8
8FF4F1	E99692
8FF4F2	EFA79C
8FF4F3	EFA8A9
8FF4F4	E99CBB
8FF4F5	E99D8D
8FF4F6	E99D91
8FF4F7	EFA8AA
8FF4F8	EFA8AB
8FF4F9	EFA8AC
8FF4FA	E9A69E
8FF4FB	E9AB99
8FF4FC	E9ADB2
8FF4FD	EFA8AD
8FF4FE	E9BB91
8FF5A1	EE8EAC
8FF5A2	EE8EAD
8FF5A3	EE8EAE
8FF5A4	EE8EAF
8FF5A5	EE8EB0
8FF5A6	EE8EB1
8FF5A7	EE8EB2
8FF5A8	EE8EB3
8FF5A9	EE8EB4
8FF5AA	EE8EB5
8FF5AB	EE8EB6
8FF5AC	EE8EB7
8FF5AD	EE8EB8
8FF5AE	EE8EB9
8FF5AF	EE8EBA
8FF5B0	EE8EBB
8FF5B1	EE8EBC
8FF5B2	EE8EBD
8FF5B3	EE8EBE
8FF5B4	EE8EBF
8FF5B5	EE8F80
8FF5B6	EE8F81
8FF5B7	EE8F82
8FF5B8	EE8F83
8FF5B9	EE8F84
8FF5BA	EE8F85
8FF5BB	EE8F86
8FF5BC	EE8F87
8FF5BD	EE8F88
8FF5BE	EE8F89
8FF5BF	EE8F8A
8FF5C0	EE8F8B
8FF5C1	EE8F8C
8FF5C2	EE8F8D
8FF5C3	EE8F8E
8FF5C4	EE8F8F
8FF5C5	EE8F90
8FF5C6	EE8F91
8FF5C7	EE8F92
8FF5C8	EE8F93
8FF5C9	EE8F94
8FF5CA	EE8F95
8FF5CB	EE8F96
8FF5CC	EE8F97
8FF5CD	EE8F98
8FF5CE	EE8F99
8FF5CF	EE8F9A
8FF5D0	EE8F9B
8FF5D1	EE8F9C
8FF5D2	EE8F9D
8FF5D3	EE8F9E
8FF5D4	EE8F9F
8FF5D5	EE8FA0
8FF5D6	EE8FA1
8FF5D7	EE8FA2
8FF5D8	EE8FA3
8FF5D9	EE8FA4
8FF5DA	EE8FA5
8FF5DB	EE8FA6
8FF5DC	EE8FA7
8FF5DD	EE8FA8
8FF5DE	EE8FA9
8FF5DF	EE8FAA
8FF5E0	EE8FAB
8FF5E1	EE8FAC
8FF5E2	EE8FAD
8FF5E3	EE8FAE
8FF5E4	EE8FAF
8FF5E5	EE8FB0
8FF5E6	EE8FB1
8FF5E7	EE8FB2
8FF5E8	EE8FB3
8FF5E9	EE8FB4
8FF5EA	EE8FB5
8FF5EB	EE8FB6
8FF5EC	EE8FB7
8FF5ED	EE8FB8
8FF5EE	EE8FB9
8FF5EF	EE8FBA
8FF5F0	EE8FBB
8FF5F1	EE8FBC
8FF5F2	EE8FBD
8FF5F3	EE8FBE
8FF5F4	EE8FBF
8FF5F5	EE9080
8FF5F6	EE9081
8FF5F7	EE9082
8FF5F8	EE9083
8FF5F9	EE9084
8FF5FA	EE9085
8FF5FB	EE9086
8FF5FC	EE9087
8FF5FD	EE9088
8FF5FE	EE9089
8FF6A1	EE908A
8FF6A2	EE908B
8FF6A3	EE908C
8FF6A4	EE908D
8FF6A5	EE908E
8FF6A6	EE908F
8FF6A7	EE9090
8FF6A8	EE9091
8FF6A9	EE9092
8FF6AA	EE9093
8FF6AB	EE9094
8FF6AC	EE9095
8FF6AD	EE9096
8FF6AE	EE9097
8FF6AF	EE9098
8FF6B0	EE9099
8FF6B1	EE909A
8FF6B2	EE909B
8FF6B3	EE909C
8FF6B4	EE909D
8FF6B5	EE909E
8FF6B6	EE909F
8FF6B7	EE90A0
8FF6B8	EE90A1
8FF6B9	EE90A2
8FF6BA	EE90A3
8FF6BB	EE90A4
8FF6BC	EE90A5
8FF6BD	EE90A6
8FF6BE	EE90A7
8FF6BF	EE90A8
8FF6C0	EE90A9
8FF6C1	EE90AA
8FF6C2	EE90AB
8FF6C3	EE90AC
8FF6C4	EE90AD
8FF6C5	EE90AE
8FF6C6	EE90AF
8FF6C7	EE90B0
8FF6C8	EE90B1
8FF6C9	EE90B2
8FF6CA	EE90B3
8FF6CB	EE90B4
8FF6CC	EE90B5
8FF6CD	EE90B6
8FF6CE	EE90B7
8FF6CF	EE90B8
8FF6D0	EE90B9
8FF6D1	EE90BA
8FF6D2	EE90BB
8FF6D3	EE90BC
8FF6D4	EE90BD
8FF6D5	EE90BE
8FF6D6	EE90BF
8FF6D7	EE9180
8FF6D8	EE9181
8FF6D9	EE9182
8FF6DA	EE9183
8FF6DB	EE9184
8FF6DC	EE9185
8FF6DD	EE9186
8FF6DE	EE9187
8FF6DF	EE9188
8FF6E0	EE9189
8FF6E1	EE918A
8FF6E2	EE918B
8FF6E3	EE918C
8FF6E4	EE918D
8FF6E5	EE918E
8FF6E6	EE918F
8FF6E7	EE9190
8FF6E8	EE9191
8FF6E9	EE9192
8FF6EA	EE9193
8FF6EB	EE9194
8FF6EC	EE9195
8FF6ED	EE9196
8FF6EE	EE9197
8FF6EF	EE9198
8FF6F0	EE9199
8FF6F1	EE919A
8FF6F2	EE919B
8FF6F3	EE919C
8FF6F4	EE919D
8FF6F5	EE919E
8FF6F6	EE919F
8FF6F7	EE91A0
8FF6F8	EE91A1
8FF6F9	EE91A2
8FF6FA	EE91A3
8FF6FB	EE91A4
8FF6FC	EE91A5
8FF6FD	EE91A6
8FF6FE	EE91A7
8FF7A1	EE91A8
8FF7A2	EE91A9
8FF7A3	EE91AA
8FF7A4	EE91AB
8FF7A5	EE91AC
8FF7A6	EE91AD
8FF7A7	EE91AE
8FF7A8	EE91AF
8FF7A9	EE91B0
8FF7AA	EE91B1
8FF7AB	EE91B2
8FF7AC	EE91B3
8FF7AD	EE91B4
8FF7AE	EE91B5
8FF7AF	EE91B6
8FF7B0	EE91B7
8FF7B1	EE91B8
8FF7B2	EE91B9
8FF7B3	EE91BA
8FF7B4	EE91BB
8FF7B5	EE91BC
8FF7B6	EE91BD
8FF7B7	EE91BE
8FF7B8	EE91BF
8FF7B9	EE9280
8FF7BA	EE9281
8FF7BB	EE9282
8FF7BC	EE9283
8FF7BD	EE9284
8FF7BE	EE9285
8FF7BF	EE9286
8FF7C0	EE9287
8FF7C1	EE9288
8FF7C2	EE9289
8FF7C3	EE928A
8FF7C4	EE928B
8FF7C5	EE928C
8FF7C6	EE928D
8FF7C7	EE928E
8FF7C8	EE928F
8FF7C9	EE9290
8FF7CA	EE9291
8FF7CB	EE9292
8FF7CC	EE9293
8FF7CD	EE9294
8FF7CE	EE9295
8FF7CF	EE9296
8FF7D0	EE9297
8FF7D1	EE9298
8FF7D2	EE9299
8FF7D3	EE929A
8FF7D4	EE929B
8FF7D5	EE929C
8FF7D6	EE929D
8FF7D7	EE929E
8FF7D8	EE929F
8FF7D9	EE92A0
8FF7DA	EE92A1
8FF7DB	EE92A2
8FF7DC	EE92A3
8FF7DD	EE92A4
8FF7DE	EE92A5
8FF7DF	EE92A6
8FF7E0	EE92A7
8FF7E1	EE92A8
8FF7E2	EE92A9
8FF7E3	EE92AA
8FF7E4	EE92AB
8FF7E5	EE92AC
8FF7E6	EE92AD
8FF7E7	EE92AE
8FF7E8	EE92AF
8FF7E9	EE92B0
8FF7EA	EE92B1
8FF7EB	EE92B2
8FF7EC	EE92B3
8FF7ED	EE92B4
8FF7EE	EE92B5
8FF7EF	EE92B6
8FF7F0	EE92B7
8FF7F1	EE92B8
8FF7F2	EE92B9
8FF7F3	EE92BA
8FF7F4	EE92BB
8FF7F5	EE92BC
8FF7F6	EE92BD
8FF7F7	EE92BE
8FF7F8	EE92BF
8FF7F9	EE9380
8FF7FA	EE9381
8FF7FB	EE9382
8FF7FC	EE9383
8FF7FD	EE9384
8FF7FE	EE9385
8FF8A1	EE9386
8FF8A2	EE9387
8FF8A3	EE9388
8FF8A4	EE9389
8FF8A5	EE938A
8FF8A6	EE938B
8FF8A7	EE938C
8FF8A8	EE938D
8FF8A9	EE938E
8FF8AA	EE938F
8FF8AB	EE9390
8FF8AC	EE9391
8FF8AD	EE9392
8FF8AE	EE9393
8FF8AF	EE9394
8FF8B0	EE9395
8FF8B1	EE9396
8FF8B2	EE9397
8FF8B3	EE9398
8FF8B4	EE9399
8FF8B5	EE939A
8FF8B6	EE939B
8FF8B7	EE939C
8FF8B8	EE939D
8FF8B9	EE939E
8FF8BA	EE939F
8FF8BB	EE93A0
8FF8BC	EE93A1
8FF8BD	EE93A2
8FF8BE	EE93A3
8FF8BF	EE93A4
8FF8C0	EE93A5
8FF8C1	EE93A6
8FF8C2	EE93A7
8FF8C3	EE93A8
8FF8C4	EE93A9
8FF8C5	EE93AA
8FF8C6	EE93AB
8FF8C7	EE93AC
8FF8C8	EE93AD
8FF8C9	EE93AE
8FF8CA	EE93AF
8FF8CB	EE93B0
8FF8CC	EE93B1
8FF8CD	EE93B2
8FF8CE	EE93B3
8FF8CF	EE93B4
8FF8D0	EE93B5
8FF8D1	EE93B6
8FF8D2	EE93B7
8FF8D3	EE93B8
8FF8D4	EE93B9
8FF8D5	EE93BA
8FF8D6	EE93BB
8FF8D7	EE93BC
8FF8D8	EE93BD
8FF8D9	EE93BE
8FF8DA	EE93BF
8FF8DB	EE9480
8FF8DC	EE9481
8FF8DD	EE9482
8FF8DE	EE9483
8FF8DF	EE9484
8FF8E0	EE9485
8FF8E1	EE9486
8FF8E2	EE9487
8FF8E3	EE9488
8FF8E4	EE9489
8FF8E5	EE948A
8FF8E6	EE948B
8FF8E7	EE948C
8FF8E8	EE948D
8FF8E9	EE948E
8FF8EA	EE948F
8FF8EB	EE9490
8FF8EC	EE9491
8FF8ED	EE9492
8FF8EE	EE9493
8FF8EF	EE9494
8FF8F0	EE9495
8FF8F1	EE9496
8FF8F2	EE9497
8FF8F3	EE9498
8FF8F4	EE9499
8FF8F5	EE949A
8FF8F6	EE949B
8FF8F7	EE949C
8FF8F8	EE949D
8FF8F9	EE949E
8FF8FA	EE949F
8FF8FB	EE94A0
8FF8FC	EE94A1
8FF8FD	EE94A2
8FF8FE	EE94A3
8FF9A1	EE94A4
8FF9A2	EE94A5
8FF9A3	EE94A6
8FF9A4	EE94A7
8FF9A5	EE94A8
8FF9A6	EE94A9
8FF9A7	EE94AA
8FF9A8	EE94AB
8FF9A9	EE94AC
8FF9AA	EE94AD
8FF9AB	EE94AE
8FF9AC	EE94AF
8FF9AD	EE94B0
8FF9AE	EE94B1
8FF9AF	EE94B2
8FF9B0	EE94B3
8FF9B1	EE94B4
8FF9B2	EE94B5
8FF9B3	EE94B6
8FF9B4	EE94B7
8FF9B5	EE94B8
8FF9B6	EE94B9
8FF9B7	EE94BA
8FF9B8	EE94BB
8FF9B9	EE94BC
8FF9BA	EE94BD
8FF9BB	EE94BE
8FF9BC	EE94BF
8FF9BD	EE9580
8FF9BE	EE9581
8FF9BF	EE9582
8FF9C0	EE9583
8FF9C1	EE9584
8FF9C2	EE9585
8FF9C3	EE9586
8FF9C4	EE9587
8FF9C5	EE9588
8FF9C6	EE9589
8FF9C7	EE958A
8FF9C8	EE958B
8FF9C9	EE958C
8FF9CA	EE958D
8FF9CB	EE958E
8FF9CC	EE958F
8FF9CD	EE9590
8FF9CE	EE9591
8FF9CF	EE9592
8FF9D0	EE9593
8FF9D1	EE9594
8FF9D2	EE9595
8FF9D3	EE9596
8FF9D4	EE9597
8FF9D5	EE9598
8FF9D6	EE9599
8FF9D7	EE959A
8FF9D8	EE959B
8FF9D9	EE959C
8FF9DA	EE959D
8FF9DB	EE959E
8FF9DC	EE959F
8FF9DD	EE95A0
8FF9DE	EE95A1
8FF9DF	EE95A2
8FF9E0	EE95A3
8FF9E1	EE95A4
8FF9E2	EE95A5
8FF9E3	EE95A6
8FF9E4	EE95A7
8FF9E5	EE95A8
8FF9E6	EE95A9
8FF9E7	EE95AA
8FF9E8	EE95AB
8FF9E9	EE95AC
8FF9EA	EE95AD
8FF9EB	EE95AE
8FF9EC	EE95AF
8FF9ED	EE95B0
8FF9EE	EE95B1
8FF9EF	EE95B2
8FF9F0	EE95B3
8FF9F1	EE95B4
8FF9F2	EE95B5
8FF9F3	EE95B6
8FF9F4	EE95B7
8FF9F5	EE95B8
8FF9F6	EE95B9
8FF9F7	EE95BA
8FF9F8	EE95BB
8FF9F9	EE95BC
8FF9FA	EE95BD
8FF9FB	EE95BE
8FF9FC	EE95BF
8FF9FD	EE9680
8FF9FE	EE9681
8FFAA1	EE9682
8FFAA2	EE9683
8FFAA3	EE9684
8FFAA4	EE9685
8FFAA5	EE9686
8FFAA6	EE9687
8FFAA7	EE9688
8FFAA8	EE9689
8FFAA9	EE968A
8FFAAA	EE968B
8FFAAB	EE968C
8FFAAC	EE968D
8FFAAD	EE968E
8FFAAE	EE968F
8FFAAF	EE9690
8FFAB0	EE9691
8FFAB1	EE9692
8FFAB2	EE9693
8FFAB3	EE9694
8FFAB4	EE9695
8FFAB5	EE9696
8FFAB6	EE9697
8FFAB7	EE9698
8FFAB8	EE9699
8FFAB9	EE969A
8FFABA	EE969B
8FFABB	EE969C
8FFABC	EE969D
8FFABD	EE969E
8FFABE	EE969F
8FFABF	EE96A0
8FFAC0	EE96A1
8FFAC1	EE96A2
8FFAC2	EE96A3
8FFAC3	EE96A4
8FFAC4	EE96A5
8FFAC5	EE96A6
8FFAC6	EE96A7
8FFAC7	EE96A8
8FFAC8	EE96A9
8FFAC9	EE96AA
8FFACA	EE96AB
8FFACB	EE96AC
8FFACC	EE96AD
8FFACD	EE96AE
8FFACE	EE96AF
8FFACF	EE96B0
8FFAD0	EE96B1
8FFAD1	EE96B2
8FFAD2	EE96B3
8FFAD3	EE96B4
8FFAD4	EE96B5
8FFAD5	EE96B6
8FFAD6	EE96B7
8FFAD7	EE96B8
8FFAD8	EE96B9
8FFAD9	EE96BA
8FFADA	EE96BB
8FFADB	EE96BC
8FFADC	EE96BD
8FFADD	EE96BE
8FFADE	EE96BF
8FFADF	EE9780
8FFAE0	EE9781
8FFAE1	EE9782
8FFAE2	EE9783
8FFAE3	EE9784
8FFAE4	EE9785
8FFAE5	EE9786
8FFAE6	EE9787
8FFAE7	EE9788
8FFAE8	EE9789
8FFAE9	EE978A
8FFAEA	EE978B
8FFAEB	EE978C
8FFAEC	EE978D
8FFAED	EE978E
8FFAEE	EE978F
8FFAEF	EE9790
8FFAF0	EE9791
8FFAF1	EE9792
8FFAF2	EE9793
8FFAF3	EE9794
8FFAF4	EE9795
8FFAF5	EE9796
8FFAF6	EE9797
8FFAF7	EE9798
8FFAF8	EE9799
8FFAF9	EE979A
8FFAFA	EE979B
8FFAFB	EE979C
8FFAFC	EE979D
8FFAFD	EE979E
8FFAFE	EE979F
8FFBA1	EE97A0
8FFBA2	EE97A1
8FFBA3	EE97A2
8FFBA4	EE97A3
8FFBA5	EE97A4
8FFBA6	EE97A5
8FFBA7	EE97A6
8FFBA8	EE97A7
8FFBA9	EE97A8
8FFBAA	EE97A9
8FFBAB	EE97AA
8FFBAC	EE97AB
8FFBAD	EE97AC
8FFBAE	EE97AD
8FFBAF	EE97AE
8FFBB0	EE97AF
8FFBB1	EE97B0
8FFBB2	EE97B1
8FFBB3	EE97B2
8FFBB4	EE97B3
8FFBB5	EE97B4
8FFBB6	EE97B5
8FFBB7	EE97B6
8FFBB8	EE97B7
8FFBB9	EE97B8
8FFBBA	EE97B9
8FFBBB	EE97BA
8FFBBC	EE97BB
8FFBBD	EE97BC
8FFBBE	EE97BD
8FFBBF	EE97BE
8FFBC0	EE97BF
8FFBC1	EE9880
8FFBC2	EE9881
8FFBC3	EE9882
8FFBC4	EE9883
8FFBC5	EE9884
8FFBC6	EE9885
8FFBC7	EE9886
8FFBC8	EE9887
8FFBC9	EE9888
8FFBCA	EE9889
8FFBCB	EE988A
8FFBCC	EE988B
8FFBCD	EE988C
8FFBCE	EE988D
8FFBCF	EE988E
8FFBD0	EE988F
8FFBD1	EE9890
8FFBD2	EE9891
8FFBD3	EE9892
8FFBD4	EE9893
8FFBD5	EE9894
8FFBD6	EE9895
8FFBD7	EE9896
8FFBD8	EE9897
8FFBD9	EE9898
8FFBDA	EE9899
8FFBDB	EE989A
8FFBDC	EE989B
8FFBDD	EE989C
8FFBDE	EE989D
8FFBDF	EE989E
8FFBE0	EE989F
8FFBE1	EE98A0
8FFBE2	EE98A1
8FFBE3	EE98A2
8FFBE4	EE98A3
8FFBE5	EE98A4
8FFBE6	EE98A5
8FFBE7	EE98A6
8FFBE8	EE98A7
8FFBE9	EE98A8
8FFBEA	EE98A9
8FFBEB	EE98AA
8FFBEC	EE98AB
8FFBED	EE98AC
8FFBEE	EE98AD
8FFBEF	EE98AE
8FFBF0	EE98AF
8FFBF1	EE98B0
8FFBF2	EE98B1
8FFBF3	EE98B2
8FFBF4	EE98B3
8FFBF5	EE98B4
8FFBF6	EE98B5
8FFBF7	EE98B6
8FFBF8	EE98B7
8FFBF9	EE98B8
8FFBFA	EE98B9
8FFBFB	EE98BA
8FFBFC	EE98BB
8FFBFD	EE98BC
8FFBFE	EE98BD
8FFCA1	EE98BE
8FFCA2	EE98BF
8FFCA3	EE9980
8FFCA4	EE9981
8FFCA5	EE9982
8FFCA6	EE9983
8FFCA7	EE9984
8FFCA8	EE9985
8FFCA9	EE9986
8FFCAA	EE9987
8FFCAB	EE9988
8FFCAC	EE9989
8FFCAD	EE998A
8FFCAE	EE998B
8FFCAF	EE998C
8FFCB0	EE998D
8FFCB1	EE998E
8FFCB2	EE998F
8FFCB3	EE9990
8FFCB4	EE9991
8FFCB5	EE9992
8FFCB6	EE9993
8FFCB7	EE9994
8FFCB8	EE9995
8FFCB9	EE9996
8FFCBA	EE9997
8FFCBB	EE9998
8FFCBC	EE9999
8FFCBD	EE999A
8FFCBE	EE999B
8FFCBF	EE999C
8FFCC0	EE999D
8FFCC1	EE999E
8FFCC2	EE999F
8FFCC3	EE99A0
8FFCC4	EE99A1
8FFCC5	EE99A2
8FFCC6	EE99A3
8FFCC7	EE99A4
8FFCC8	EE99A5
8FFCC9	EE99A6
8FFCCA	EE99A7
8FFCCB	EE99A8
8FFCCC	EE99A9
8FFCCD	EE99AA
8FFCCE	EE99AB
8FFCCF	EE99AC
8FFCD0	EE99AD
8FFCD1	EE99AE
8FFCD2	EE99AF
8FFCD3	EE99B0
8FFCD4	EE99B1
8FFCD5	EE99B2
8FFCD6	EE99B3
8FFCD7	EE99B4
8FFCD8	EE99B5
8FFCD9	EE99B6
8FFCDA	EE99B7
8FFCDB	EE99B8
8FFCDC	EE99B9
8FFCDD	EE99BA
8FFCDE	EE99BB
8FFCDF	EE99BC
8FFCE0	EE99BD
8FFCE1	EE99BE
8FFCE2	EE99BF
8FFCE3	EE9A80
8FFCE4	EE9A81
8FFCE5	EE9A82
8FFCE6	EE9A83
8FFCE7	EE9A84
8FFCE8	EE9A85
8FFCE9	EE9A86
8FFCEA	EE9A87
8FFCEB	EE9A88
8FFCEC	EE9A89
8FFCED	EE9A8A
8FFCEE	EE9A8B
8FFCEF	EE9A8C
8FFCF0	EE9A8D
8FFCF1	EE9A8E
8FFCF2	EE9A8F
8FFCF3	EE9A90
8FFCF4	EE9A91
8FFCF5	EE9A92
8FFCF6	EE9A93
8FFCF7	EE9A94
8FFCF8	EE9A95
8FFCF9	EE9A96
8FFCFA	EE9A97
8FFCFB	EE9A98
8FFCFC	EE9A99
8FFCFD	EE9A9A
8FFCFE	EE9A9B
8FFDA1	EE9A9C
8FFDA2	EE9A9D
8FFDA3	EE9A9E
8FFDA4	EE9A9F
8FFDA5	EE9AA0
8FFDA6	EE9AA1
8FFDA7	EE9AA2
8FFDA8	EE9AA3
8FFDA9	EE9AA4
8FFDAA	EE9AA5
8FFDAB	EE9AA6
8FFDAC	EE9AA7
8FFDAD	EE9AA8
8FFDAE	EE9AA9
8FFDAF	EE9AAA
8FFDB0	EE9AAB
8FFDB1	EE9AAC
8FFDB2	EE9AAD
8FFDB3	EE9AAE
8FFDB4	EE9AAF
8FFDB5	EE9AB0
8FFDB6	EE9AB1
8FFDB7	EE9AB2
8FFDB8	EE9AB3
8FFDB9	EE9AB4
8FFDBA	EE9AB5
8FFDBB	EE9AB6
8FFDBC	EE9AB7
8FFDBD	EE9AB8
8FFDBE	EE9AB9
8FFDBF	EE9ABA
8FFDC0	EE9ABB
8FFDC1	EE9ABC
8FFDC2	EE9ABD
8FFDC3	EE9ABE
8FFDC4	EE9ABF
8FFDC5	EE9B80
8FFDC6	EE9B81
8FFDC7	EE9B82
8FFDC8	EE9B83
8FFDC9	EE9B84
8FFDCA	EE9B85
8FFDCB	EE9B86
8FFDCC	EE9B87
8FFDCD	EE9B88
8FFDCE	EE9B89
8FFDCF	EE9B8A
8FFDD0	EE9B8B
8FFDD1	EE9B8C
8FFDD2	EE9B8D
8FFDD3	EE9B8E
8FFDD4	EE9B8F
8FFDD5	EE9B90
8FFDD6	EE9B91
8FFDD7	EE9B92
8FFDD8	EE9B93
8FFDD9	EE9B94
8FFDDA	EE9B95
8FFDDB	EE9B96
8FFDDC	EE9B97
8FFDDD	EE9B98
8FFDDE	EE9B99
8FFDDF	EE9B9A
8FFDE0	EE9B9B
8FFDE1	EE9B9C
8FFDE2	EE9B9D
8FFDE3	EE9B9E
8FFDE4	EE9B9F
8FFDE5	EE9BA0
8FFDE6	EE9BA1
8FFDE7	EE9BA2
8FFDE8	EE9BA3
8FFDE9	EE9BA4
8FFDEA	EE9BA5
8FFDEB	EE9BA6
8FFDEC	EE9BA7
8FFDED	EE9BA8
8FFDEE	EE9BA9
8FFDEF	EE9BAA
8FFDF0	EE9BAB
8FFDF1	EE9BAC
8FFDF2	EE9BAD
8FFDF3	EE9BAE
8FFDF4	EE9BAF
8FFDF5	EE9BB0
8FFDF6	EE9BB1
8FFDF7	EE9BB2
8FFDF8	EE9BB3
8FFDF9	EE9BB4
8FFDFA	EE9BB5
8FFDFB	EE9BB6
8FFDFC	EE9BB7
8FFDFD	EE9BB8
8FFDFE	EE9BB9
8FFEA1	EE9BBA
8FFEA2	EE9BBB
8FFEA3	EE9BBC
8FFEA4	EE9BBD
8FFEA5	EE9BBE
8FFEA6	EE9BBF
8FFEA7	EE9C80
8FFEA8	EE9C81
8FFEA9	EE9C82
8FFEAA	EE9C83
8FFEAB	EE9C84
8FFEAC	EE9C85
8FFEAD	EE9C86
8FFEAE	EE9C87
8FFEAF	EE9C88
8FFEB0	EE9C89
8FFEB1	EE9C8A
8FFEB2	EE9C8B
8FFEB3	EE9C8C
8FFEB4	EE9C8D
8FFEB5	EE9C8E
8FFEB6	EE9C8F
8FFEB7	EE9C90
8FFEB8	EE9C91
8FFEB9	EE9C92
8FFEBA	EE9C93
8FFEBB	EE9C94
8FFEBC	EE9C95
8FFEBD	EE9C96
8FFEBE	EE9C97
8FFEBF	EE9C98
8FFEC0	EE9C99
8FFEC1	EE9C9A
8FFEC2	EE9C9B
8FFEC3	EE9C9C
8FFEC4	EE9C9D
8FFEC5	EE9C9E
8FFEC6	EE9C9F
8FFEC7	EE9CA0
8FFEC8	EE9CA1
8FFEC9	EE9CA2
8FFECA	EE9CA3
8FFECB	EE9CA4
8FFECC	EE9CA5
8FFECD	EE9CA6
8FFECE	EE9CA7
8FFECF	EE9CA8
8FFED0	EE9CA9
8FFED1	EE9CAA
8FFED2	EE9CAB
8FFED3	EE9CAC
8FFED4	EE9CAD
8FFED5	EE9CAE
8FFED6	EE9CAF
8FFED7	EE9CB0
8FFED8	EE9CB1
8FFED9	EE9CB2
8FFEDA	EE9CB3
8FFEDB	EE9CB4
8FFEDC	EE9CB5
8FFEDD	EE9CB6
8FFEDE	EE9CB7
8FFEDF	EE9CB8
8FFEE0	EE9CB9
8FFEE1	EE9CBA
8FFEE2	EE9CBB
8FFEE3	EE9CBC
8FFEE4	EE9CBD
8FFEE5	EE9CBE
8FFEE6	EE9CBF
8FFEE7	EE9D80
8FFEE8	EE9D81
8FFEE9	EE9D82
8FFEEA	EE9D83
8FFEEB	EE9D84
8FFEEC	EE9D85
8FFEED	EE9D86
8FFEEE	EE9D87
8FFEEF	EE9D88
8FFEF0	EE9D89
8FFEF1	EE9D8A
8FFEF2	EE9D8B
8FFEF3	EE9D8C
8FFEF4	EE9D8D
8FFEF5	EE9D8E
8FFEF6	EE9D8F
8FFEF7	EE9D90
8FFEF8	EE9D91
8FFEF9	EE9D92
8FFEFA	EE9D93
8FFEFB	EE9D94
8FFEFC	EE9D95
8FFEFD	EE9D96
8FFEFE	EE9D97
